date,returns,cumulative_return,price_index
2020-01-01,-0.0012895851481309,0.9987104148518692,2996.1312445556077
2020-01-02,-0.0025010314455909,0.9962126086992854,2988.6378260978563
2020-01-03,0.0111590380871859,1.0073293831426955,3021.988149428087
2020-01-06,0.0078146494039992,1.0152013091063028,3045.6039273189085
2020-01-07,-0.0271024713908057,0.9876868446703406,2963.060534011022
2020-01-08,0.0045250447409337,0.9921561718325056,2976.468515497517
2020-01-09,-0.0031366814274231,0.9890440939952152,2967.132281985646
2020-01-10,0.0019231207834585,0.9909461452481344,2972.838435744404
2020-01-13,-0.003814542483862,0.987166139077866,2961.498417233598
2020-01-14,-0.0147946531398805,0.9725613584587738,2917.6840753763213
2020-01-15,-0.0183049133053198,0.9547587071080818,2864.276121324245
2020-01-16,0.0030291515824665,0.9576508159565918,2872.952447869776
2020-01-17,0.0028412421353178,0.9603717338058092,2881.115201417428
2020-01-20,-0.0041405730976272,0.9563952444410914,2869.1857333232742
2020-01-21,0.0154564733932807,0.9711777420902552,2913.533226270766
2020-01-22,-0.0053969347758622,0.9659363591604252,2897.8090774812754
2020-01-23,-0.0618127535094179,0.9062291730858572,2718.6875192575712
2020-01-24,0.0117918218241415,0.9169152660267248,2750.745798080174
2020-01-27,0.0153306864286934,0.9309722064518624,2792.9166193555875
2020-01-28,-0.0132760842712618,0.9186125409848048,2755.8376229544147
2020-01-29,-0.0007653365339954,0.917909493246603,2753.728479739809
2020-01-30,0.0056224778493159,0.9230704190400588,2769.2112571201765
2020-01-31,-0.0006246588118478,0.9224938149688494,2767.4814449065484
2020-02-03,0.0146186243924827,0.9359794055542676,2807.938216662803
2020-02-04,-0.019813834484343,0.9174340645318616,2752.302193595585
2020-02-05,-0.0054843738105821,0.9124025131754072,2737.2075395262214
2020-02-06,0.0169107287971556,0.9278319046295596,2783.495713888679
2020-02-07,0.0030817249902245,0.9306912273967844,2792.073682190353
2020-02-10,-0.0053717800720825,0.9256917588081924,2777.075276424577
2020-02-11,0.0046813826361174,0.930025276134274,2790.075828402822
2020-02-12,-0.0019580023042313,0.9282042845006097,2784.612853501829
2020-02-13,0.0184600528245447,0.9453389846244598,2836.0169538733794
2020-02-14,-0.0220067484990062,0.9245351473435232,2773.60544203057
2020-02-17,-0.0056552288768782,0.9193066894805773,2757.920068441732
2020-02-18,-0.0034534348298808,0.9161319237397826,2748.395771219348
2020-02-19,0.0001897984203716,0.9163058041317604,2748.917412395281
2020-02-20,0.0112557089031684,0.9266194755293512,2779.858426588053
2020-02-21,0.0222173220334303,0.9472064788196348,2841.6194364589046
2020-02-24,0.0142395546562859,0.9606942772455752,2882.082831736725
2020-02-25,0.0149644484514796,0.9750705372350482,2925.2116117051446
2020-02-26,-0.0205845173984817,0.9549991807965864,2864.997542389759
2020-02-27,-0.002481502160563,0.9526293482661036,2857.888044798311
2020-02-28,0.0094591935147054,0.9616404536191404,2884.9213608574214
2020-03-02,,0.8904676003638856,2671.402801091657
2020-03-03,-0.0760688085856131,0.8227307909201149,2468.192372760345
2020-03-04,-0.0396052812587823,0.7901463065454633,2370.438919636389
2020-03-05,-0.1250156448714207,0.6913656564899109,2074.096969469733
2020-03-06,-0.0398541402096299,0.6638118726800392,1991.4356180401176
2020-03-09,-0.0893883607425708,0.6044748175397143,1813.424452619143
2020-03-10,-0.1055229890749392,0.5406888279723951,1622.0664839171857
2020-03-11,-0.0826178350828008,0.4960182875518589,1488.054862655577
2020-03-12,-0.084703143264437,0.4540039794795731,1362.0119384387194
2020-03-13,-0.0511633274741533,0.4307756252028909,1292.3268756086727
2020-03-16,-0.0136338671158808,0.4249024875721142,1274.707462716343
2020-03-17,0.0075051596411039,0.4280914485732451,1284.2743457197355
2020-03-18,0.0108126568990399,0.4327202545280806,1298.1607635842415
2020-03-19,-0.0008107950790084,0.4323694070751219,1297.108221225366
2020-03-20,-0.0214454799503127,0.4230970376245638,1269.2911128736914
2020-03-23,-0.0180098853783933,0.4154771084730076,1246.4313254190229
2020-03-24,0.0024328671849489,0.416487909096309,1249.4637272889272
2020-03-25,-0.0158820036370974,0.4098732466092343,1229.6197398277031
2020-03-26,0.0165383860690782,0.4166518886010443,1249.9556658031331
2020-03-27,0.0084396545238297,0.4201682865975383,1260.504859792615
2020-03-30,,0.4465010975741602,1339.5032927224806
2020-03-31,0.0113119258642606,0.4515518848882301,1354.6556546646905
2020-04-01,-0.0034302168605859,0.4500029639992572,1350.0088919977716
2020-04-02,-0.0331534608828955,0.4350838083351208,1305.2514250053623
2020-04-03,0.0186604367335313,0.4432026622143421,1329.6079866430264
2020-04-06,0.0110194531940389,0.4480865132060865,1344.2595396182594
2020-04-07,-0.0099067706118324,0.4436474229054979,1330.9422687164938
2020-04-08,0.0028182862055061,0.4448977483175809,1334.6932449527426
2020-04-09,-0.0011929994689647,0.4443669855400944,1333.1009566202831
2020-04-10,0.012346921350664,0.4498535497613896,1349.560649284169
2020-04-13,-0.0086225155227955,0.4459746805455873,1337.924041636762
2020-04-14,0.0119244588982499,0.4512926872934132,1353.8780618802398
2020-04-15,0.0160491499869884,0.4585355513198162,1375.6066539594487
2020-04-16,,0.4533287180068845,1359.9861540206537
2020-04-17,0.0131743109107922,0.4593010114826981,1377.9030344480943
2020-04-20,-0.0130729935385206,0.4532965723273488,1359.8897169820464
2020-04-21,-0.0212609672732042,0.4436590487380414,1330.9771462141243
2020-04-22,-0.0233948276377821,0.4332797217628725,1299.8391652886176
2020-04-23,0.007333316415552,0.436457099059002,1309.3712971770062
2020-04-24,-0.0055744825698874,0.434024076567794,1302.072229703382
2020-04-27,-0.020474008852457,0.4251378637819655,1275.4135913458963
2020-04-28,0.0098745414280187,0.4293359052304999,1288.0077156914997
2020-04-29,-0.0098503479097441,0.4251067971938345,1275.3203915815036
2020-04-30,0.0134272694772411,0.430814820716363,1292.444462149089
2020-05-01,0.005296832615788,0.4330967747100983,1299.290324130295
2020-05-04,-0.0082031984797008,0.4295439959062331,1288.6319877186993
2020-05-05,0.0020742949672781,0.4304349968551659,1291.3049905654975
2020-05-06,-0.002863339747683,0.4292025152198767,1287.60754565963
2020-05-07,0.0135940145763361,0.4350371004679758,1305.1113014039274
2020-05-08,0.0006650199853395,0.4353264088341512,1305.9792265024537
2020-05-11,-0.0019419934327542,0.4344810078070907,1303.4430234212723
2020-05-12,0.0337018165910402,0.4491238070444956,1347.371421133487
2020-05-13,0.0137019848620466,0.455277694649804,1365.8330839494122
2020-05-14,-0.014532403963651,0.4486614152755133,1345.98424582654
2020-05-15,-0.0022293609905977,0.4476611870183117,1342.9835610549353
2020-05-18,-0.0093807234586131,0.4434618012197384,1330.3854036592154
2020-05-19,-0.0083095166802768,0.4397768479854374,1319.3305439563123
2020-05-20,0.004039605559558,0.4415533729855243,1324.660118956573
2020-05-21,,0.4327091144291317,1298.127343287395
2020-05-22,-0.0026534728332689,0.4315609325492861,1294.6827976478585
2020-05-25,-0.0020874467150077,0.4306600720983104,1291.980216294931
2020-05-26,-0.0040077418737007,0.428934097694031,1286.802293082093
2020-05-27,-0.0123246735612519,0.4236476249606619,1270.9428748819855
2020-05-28,0.0063659803870961,0.4263445574322013,1279.033672296604
2020-05-29,0.0004927186110531,0.4265546253303695,1279.6638759911084
2020-06-01,0.0079034362493041,0.4299258726185138,1289.7776178555414
2020-06-02,-0.013026970023997,0.4243252411633716,1272.9757234901151
2020-06-03,-0.015125456783325,0.4179071280660811,1253.7213841982434
2020-06-04,-0.0081873672498874,0.4144855689322583,1243.456706796775
2020-06-05,0.0307996225150571,0.4272515679933106,1281.7547039799315
2020-06-08,0.0077312441747417,0.4305547541895081,1291.6642625685242
2020-06-09,0.0255101692788636,0.441538278852702,1324.6148365581062
2020-06-10,-0.0068274823870007,0.4385236840306486,1315.5710520919458
2020-06-11,0.0184961344285424,0.4466346770405791,1339.9040311217375
2020-06-12,0.0171807362565071,0.4543081896298235,1362.9245688894707
2020-06-15,0.0009537469063792,0.4547414846602257,1364.2244539806773
2020-06-16,0.0088219186760088,0.4587531770565057,1376.2595311695172
2020-06-17,0.0075360997086824,0.4622103867404784,1386.6311602214353
2020-06-18,0.0165503761865003,0.4698601425183411,1409.580427555023
2020-06-19,0.0020034367475945,0.4708014775940923,1412.4044327822771
2020-06-22,0.0298628036082884,0.4848609296579767,1454.58278897393
2020-06-23,0.0237291672340278,0.496366275743077,1489.0988272292311
2020-06-24,-0.0309235517813723,0.481016867512609,1443.050602537827
2020-06-25,0.0124503501616528,0.4870056959468024,1461.0170878404072
2020-06-26,-0.0247836841900755,0.4749359005796889,1424.8077017390667
2020-06-29,-0.0005796986175485,0.4746605808946986,1423.981742684096
2020-06-30,-0.0009122116423425,0.4742275899866454,1422.6827699599364
2020-07-01,-0.0130916008201457,0.4680191916806405,1404.0575750419216
2020-07-02,0.0139928111441181,0.4745680958416505,1423.7042875249515
2020-07-03,-0.0107514190821981,0.4694658153602162,1408.3974460806487
2020-07-06,-0.0142386640749019,0.4627812493206521,1388.3437479619563
2020-07-07,0.0008712592962245,0.4631844517862412,1389.5533553587236
2020-07-08,0.0035653424366113,0.4648358629681732,1394.5075889045197
2020-07-09,-0.0030356920197484,0.4634247644484678,1390.2742933454035
2020-07-10,-0.0080758885935377,0.4596821976792955,1379.0465930378866
2020-07-13,0.0182356588531172,0.4680648054170263,1404.194416251079
2020-07-14,0.0046804987701263,0.4702555821631201,1410.7667464893605
2020-07-15,-0.0132029236361758,0.464046833622335,1392.1405008670051
2020-07-16,-0.0189695485341336,0.4552440746898251,1365.7322240694753
2020-07-17,-0.0139681145947643,0.4488851732859701,1346.6555198579103
2020-07-20,0.0137370611266615,0.4550515363502516,1365.1546090507547
2020-07-21,-0.0128519465800573,0.4492032383139051,1347.6097149417153
2020-07-22,-0.0023987894540033,0.4481256943231336,1344.3770829694008
2020-07-23,0.0294554217041717,0.4613254256258963,1383.9762768776889
2020-07-24,0.0080784661498083,0.465052227460861,1395.156682382583
2020-07-27,-0.0062288655471635,0.4621554796635983,1386.466438990795
2020-07-28,-0.0111428452547175,0.4570057526700871,1371.0172580102612
2020-07-29,-0.0122041302843903,0.4514283949237854,1354.2851847713564
2020-07-30,0.0104565222483273,0.4561487659788327,1368.446297936498
2020-07-31,0.0107109468400553,0.4610345511623888,1383.1036534871664
2020-08-03,0.007958509955285,0.464703699227545,1394.111097682635
2020-08-04,0.0008823070645937,0.4651137105843163,1395.341131752949
2020-08-05,-0.0218423554117861,0.454954531610839,1364.863594832517
2020-08-06,0.0009166290348113,0.4553715561440325,1366.1146684320977
2020-08-07,-0.008015218820293,0.4517216534770008,1355.1649604310023
2020-08-10,0.022011269936662,0.4616646207279184,1384.9938621837553
2020-08-11,-0.0028727392590179,0.4603383786474537,1381.015135942361
2020-08-12,-0.0092863061009781,0.4560635355533055,1368.1906066599165
2020-08-13,-0.0021572087624402,0.4550797112981804,1365.2391338945413
2020-08-14,-0.0062755329591779,0.4522238435708754,1356.6715307126265
2020-08-17,-0.0065057577530895,0.4492817847944322,1347.8453543832968
2020-08-18,-0.005178550864707,0.4469551562192879,1340.865468657864
2020-08-19,-0.0142216866041792,0.4405987000614152,1321.796100184246
2020-08-20,0.0246797232441607,0.4514725540406679,1354.4176621220038
2020-08-21,-0.0338918230794072,0.4361713261139135,1308.5139783417403
2020-08-24,0.0161892476055775,0.4432326117108248,1329.6978351324744
2020-08-25,0.0337848477359661,0.4582071580090896,1374.621474027269
2020-08-26,-0.0118849544380183,0.4527613868129777,1358.2841604389332
2020-08-27,-0.0066460271455266,0.4497523223457724,1349.2569670373173
2020-08-28,-0.0076924807487811,0.4462926112644079,1338.8778337932238
2020-08-31,-0.0146427334337409,0.4397576675242151,1319.2730025726453
2020-09-01,-0.0144274836724199,0.433413070956188,1300.239212868564
2020-09-02,0.0306850833257162,0.4467123871529331,1340.1371614587997
2020-09-03,0.0215037009374972,0.4563183567313453,1368.955070194036
2020-09-04,-0.0161529732142979,0.4489474585378714,1346.8423756136142
2020-09-07,0.0110443964475939,0.4539058122541033,1361.7174367623102
2020-09-08,0.0069254920009522,0.4570493333260549,1371.1479999781648
2020-09-09,-0.0077953543089832,0.4534864718360937,1360.4594155082812
2020-09-10,-0.0015464001342501,0.4527852002951657,1358.355600885497
2020-09-11,0.0164926767285462,0.4602528402311039,1380.758520693312
2020-09-14,0.0207029426983018,0.4697814284091391,1409.3442852274177
2020-09-15,-0.0358966476131294,0.4529178500183436,1358.753550055031
2020-09-16,-0.013407611684342,0.4468453033603907,1340.535910081172
2020-09-17,-0.0019762058443814,0.4459622450603555,1337.8867351810663
2020-09-18,-0.0022189866179711,0.4449726608064461,1334.9179824193384
2020-09-21,0.0079471941654717,0.4485089449402016,1345.5268348206048
2020-09-22,-0.0020103514077261,0.4476072843513633,1342.82185305409
2020-09-23,0.0023236913791002,0.448647385539233,1345.942156617699
2020-09-24,0.0024286150484832,0.4497369773312162,1349.2109319936487
2020-09-25,-0.0180267102410877,0.4416296991561638,1324.8890974684914
2020-09-28,-0.0465885335620889,0.4210548190950116,1263.1644572850348
2020-09-29,0.0035445063890714,0.4225472505914432,1267.6417517743298
2020-09-30,0.0085290678996566,0.4261511847825509,1278.4535543476527
2020-10-01,-0.0007516380063386,0.4258308733556221,1277.4926200668665
2020-10-02,0.0007497647053482,0.4261501463149117,1278.4504389447354
2020-10-05,-0.0016680836521629,0.425439292222477,1276.317876667431
2020-10-06,-0.0030760160751263,0.4241306341206103,1272.391902361831
2020-10-07,0.004095750284216,0.4258677672858545,1277.6033018575636
2020-10-08,0.0085527902561156,0.4295101249762907,1288.5303749288723
2020-10-09,-0.0182309091651763,0.4216797649023244,1265.0392947069734
2020-10-12,0.0153286336434038,0.4281435395333488,1284.4306186000465
2020-10-13,0.0081202997110448,0.4316201933937071,1294.8605801811216
2020-10-14,0.0193711028628393,0.4399811525576153,1319.943457672846
2020-10-15,0.0048694955021798,0.4421236388010385,1326.3709164031156
2020-10-16,0.0021446533652322,0.4430718407508419,1329.2155222525255
2020-10-19,-0.0221480139863734,0.4332586794249241,1299.7760382747722
2020-10-20,-0.002215388198484,0.4322988432596353,1296.896529778906
2020-10-21,-0.0101274942161008,0.4279207392248963,1283.762217674689
2020-10-22,-0.0133130849713839,0.4222237940625778,1266.6713821877331
2020-10-23,0.0302024608821865,0.4349759916862812,1304.9279750588437
2020-10-26,0.0266039350569192,0.446548064720422,1339.644194161266
2020-10-27,0.013399845521076,0.4525317398054111,1357.5952194162332
2020-10-28,0.0034063963023343,0.4540732422505731,1362.2197267517197
2020-10-29,-0.0108715884341854,0.4491367448418487,1347.4102345255462
2020-10-30,-0.0255957173465271,0.4376407676709374,1312.9223030128123
2020-11-02,0.0029693021269831,0.4389402553332373,1316.820765999712
2020-11-03,-0.0233003955455445,0.4287127737631105,1286.1383212893318
2020-11-04,0.013861487814351,0.4346553706524845,1303.9661119574537
2020-11-05,-0.0044450482512035,0.4327233065572895,1298.1699196718685
2020-11-06,-0.0048162753414796,0.4306391919662342,1291.9175758987026
2020-11-09,0.0115792919034937,0.4356256888750959,1306.8770666252876
2020-11-10,-0.002276632312126,0.4346339293558107,1303.901788067432
2020-11-11,0.0082978360852532,0.4382404504586947,1314.7213513760842
2020-11-12,0.0084575820386994,0.4419469050211257,1325.8407150633773
2020-11-13,0.0021911570335607,0.4429152800905231,1328.7458402715697
2020-11-16,-0.0028457633545675,0.4416548480172635,1324.9645440517904
2020-11-17,-0.0009809471791097,0.4412216079399608,1323.6648238198825
2020-11-18,0.0074838576908154,0.4445236476638962,1333.5709429916883
2020-11-19,0.0174599779067319,0.4522850207311277,1356.855062193383
2020-11-20,-0.0270145998794806,0.4400667218645936,1320.200165593781
2020-11-23,0.0045997487166737,0.4420909182037412,1326.2727546112235
2020-11-24,0.0010460119285061,0.4425533505776665,1327.6600517329994
2020-11-25,-0.0112613405335693,0.4375696065925392,1312.7088197776177
2020-11-26,0.0057778659718674,0.4400978251327937,1320.2934753983811
2020-11-27,-0.0265725606105521,0.4284032989998804,1285.2098969996412
2020-11-30,-0.0117107773971816,0.4233863633290745,1270.1590899872235
2020-12-01,-0.0154029776605997,0.4168649526329142,1250.5948578987427
2020-12-02,-0.0106297556036175,0.4124337800667127,1237.3013402001382
2020-12-03,-0.0102564692359485,0.4082036656895925,1224.6109970687774
2020-12-04,0.0276768200080309,0.4195014450715017,1258.504335214505
2020-12-07,-0.0092783814795305,0.415609150632914,1246.827451898742
2020-12-08,-0.0022718455303464,0.4146649508416775,1243.994852525033
2020-12-09,-0.0171452552182878,0.4075554144294182,1222.6662432882547
2020-12-10,-0.0054370469895012,0.4053395164903398,1216.0185494710192
2020-12-11,0.0167552586602838,0.4121310849343698,1236.3932548031096
2020-12-14,0.0100344161795089,0.4162665797611138,1248.7997392833415
2020-12-15,0.0185944468500603,0.4240068265539383,1272.0204796618148
2020-12-16,-0.0182555180870678,0.4162663622627426,1248.799086788228
2020-12-17,0.0001843942558351,0.4163431193888413,1249.029358166524
2020-12-18,-0.0090039276626855,0.4125943960590073,1237.783188177022
2020-12-21,-0.0142744143994507,0.4067048526707699,1220.1145580123098
2020-12-22,0.0044377052063986,0.4085096889129346,1225.5290667388035
2020-12-23,0.010480931906166,0.4127912511454401,1238.3737534363204
2020-12-24,0.0238874891630359,0.4226517976837728,1267.9553930513189
2020-12-25,-0.0121612116290422,0.4175118397267453,1252.535519180236
2020-12-28,0.0321982096621269,0.4309549734786874,1292.8649204360622
2020-12-29,0.0010194563410299,0.4313943132590986,1294.1829397772958
2020-12-30,0.0349989105280596,0.4464926442311676,1339.477932693503
2020-12-31,0.0256678092243325,0.457953132243361,1373.859396730083
2021-01-01,0.0033740295564611,0.459498279647024,1378.494838941072
2021-01-04,0.0033534317808922,0.4610391757812577,1383.1175273437732
2021-01-05,-0.0107049209324086,0.4561037878577764,1368.3113635733291
2021-01-06,0.0059641985456223,0.4588240814059706,1376.4722442179118
2021-01-07,-0.0007900270455387,0.4584615979725154,1375.3847939175462
2021-01-08,-0.0322744745326235,0.4436649908045655,1330.9949724136966
2021-01-11,0.0100968977213108,0.4481446308392456,1344.433892517737
2021-01-12,0.011453552152939,0.4532774787406225,1359.8324362218675
2021-01-13,-0.0010763084931454,0.4527896123405024,1358.3688370215073
2021-01-14,-0.008401738994139,0.4489853921983601,1346.9561765950805
2021-01-15,0.0048133200479977,0.4511465025878866,1353.43950776366
2021-01-18,0.0176315164034017,0.4591008995486023,1377.302698645807
2021-01-19,0.0062132363502212,0.4619534019460969,1385.8602058382908
2021-01-20,0.0189077552565824,0.4706879038100393,1412.063711430118
2021-01-21,0.0105070253736626,0.4756334335584475,1426.9003006753426
2021-01-22,0.0252261710395494,0.4876318439055211,1462.8955317165633
2021-01-25,-0.0093713542076013,0.4830620731733767,1449.1862195201302
2021-01-26,-0.0259916568298844,0.4705064895399218,1411.5194686197651
2021-01-27,-0.0328565901030799,0.4550472506722695,1365.1417520168086
2021-01-28,0.0065666129117196,0.4580353698239766,1374.1061094719298
2021-01-29,-0.0003591951266357,0.457870845751309,1373.612537253927
2021-02-01,-0.0159743861794965,0.4505566400409448,1351.6699201228346
2021-02-02,0.0006769016991137,0.4508616225961355,1352.5848677884069
2021-02-03,-0.0092257506614102,0.4467020856832647,1340.1062570497943
2021-02-04,-0.0034028046120695,0.4451820457658806,1335.546137297642
2021-02-05,0.007724596370964,0.4486208973810221,1345.8626921430664
2021-02-08,0.0139594629582682,0.4548834041803175,1364.650212540953
2021-02-09,-0.0093250608199902,0.4506415887703319,1351.9247663109957
2021-02-10,0.0103341350400677,0.4552985798033552,1365.8957394100655
2021-02-11,0.0036503812809739,0.4569605932163235,1370.8817796489705
2021-02-12,0.0039218242611199,0.4587527123571749,1376.258137071525
2021-02-15,-0.0079206455101952,0.4551190947457532,1365.3572842372598
2021-02-16,-0.0095182359860248,0.4507871638002171,1352.3614914006514
2021-02-17,0.0083364935262504,0.4545451480729545,1363.6354442188635
2021-02-18,0.0024333077097086,0.4556511962861711,1366.9535888585133
2021-02-19,-0.0280007928695327,0.4428926015182072,1328.6778045546218
2021-02-22,0.0256184962959152,0.4542388439896896,1362.716531969069
2021-02-23,0.0171508681884756,0.4620294345290424,1386.0883035871273
2021-02-24,-0.0003528347014421,0.4618664145114529,1385.5992435343587
2021-02-25,-0.0268371743689577,0.4494712250100438,1348.4136750301311
2021-02-26,0.0254843609748066,0.4609257119559882,1382.7771358679647
2021-03-01,0.005016290502923,0.463237849227426,1389.7135476822782
2021-03-02,0.0207624802561899,0.4728558159259303,1418.5674477777911
2021-03-03,-0.0502063104879582,0.4491154700155162,1347.3464100465487
2021-03-04,-0.018535112052572,0.440791064454235,1322.3731933627053
2021-03-05,0.0179015428036237,0.4486819045620174,1346.0457136860523
2021-03-08,0.0074954112467603,0.4520449599556894,1356.1348798670683
2021-03-09,-0.0191290758263697,0.4433977576397688,1330.1932729193063
2021-03-10,-0.0055045009027327,0.4409570742825709,1322.871222847713
2021-03-11,-0.0044142678460834,0.4390105716480624,1317.0317149441871
2021-03-12,0.0282877842721909,0.451429207992054,1354.287623976162
2021-03-15,0.0038368667575644,0.4531612817135923,1359.483845140777
2021-03-16,-0.0002500604042459,0.4530479640202984,1359.1438920608953
2021-03-17,-0.000955532625447,0.4526150619097847,1357.845185729354
2021-03-18,0.0059686176853452,0.4553165481729531,1365.9496445188593
2021-03-19,-0.0022372547285509,0.4542978890725656,1362.893667217697
2021-03-22,-0.0190936266877807,0.4456236947735673,1336.8710843207018
2021-03-23,0.0334046172734056,0.4605095837454392,1381.5287512363177
2021-03-24,0.0090768764554874,0.4646895723436645,1394.0687170309936
2021-03-25,-0.0008275280039214,0.4643050287094198,1392.9150861282596
2021-03-26,0.0237563459293022,0.4753352195881554,1426.0056587644665
2021-03-29,-0.0231334253422895,0.464339087773252,1393.0172633197562
2021-03-30,0.0066416115495411,0.4674230476215102,1402.2691428645307
2021-03-31,0.0093911800003506,0.4718127015980364,1415.4381047941092
2021-04-01,-0.0245291295374519,0.4602395467231229,1380.7186401693689
2021-04-02,0.0262773792131921,0.4723334358212741,1417.0003074638223
2021-04-05,0.0005793833345526,0.4726070979423409,1417.8212938270226
2021-04-06,-0.0157424003888616,0.4651671277799146,1395.5013833397438
2021-04-07,-0.0228725124693488,0.4545275868494373,1363.582760548312
2021-04-08,0.0191362852669793,0.4632255564130998,1389.6766692392996
2021-04-09,-0.0058407092303909,0.4605199906300048,1381.5599718900146
2021-04-12,-0.0272338818631981,0.4479782436095462,1343.9347308286383
2021-04-13,0.0103214350699378,0.4526020219637069,1357.8060658911209
2021-04-14,0.0053547029349153,0.4550255713390645,1365.0767140171938
2021-04-15,-0.0043667430165207,0.4530385916030813,1359.1157748092442
2021-04-16,-0.0165991425314745,0.4455185394488033,1336.55561834641
2021-04-19,-0.0250928417958175,0.4343392132213108,1303.0176396639324
2021-04-20,-0.00305880828459,0.4330106528375871,1299.0319585127615
2021-04-21,-0.0198001733177809,0.4244369668629574,1273.3109005888723
2021-04-22,0.0062291656318143,0.4270808550298117,1281.2425650894352
2021-04-23,0.0193878664887005,0.4353610416270098,1306.083124881029
2021-04-26,0.0080780581217428,0.4388779134252152,1316.6337402756458
2021-04-27,-0.0088156221235386,0.4350089315820915,1305.0267947462744
2021-04-28,-0.0085394076700279,0.4312942129752087,1293.882638925626
2021-04-29,0.0164091847303952,0.4383713993890694,1315.114198167208
2021-04-30,0.0270997514260298,0.450251155344794,1350.753466034382
2021-05-03,0.0059393895416974,0.4529253723479861,1358.7761170439585
2021-05-04,-0.0017501594939924,0.4521326807075012,1356.3980421225035
2021-05-05,,0.443845589814258,1331.536769442774
2021-05-06,0.0217332141671804,0.4534917810748498,1360.4753432245495
2021-05-07,0.0231461490021147,0.4639883694108427,1391.965108232528
2021-05-10,-0.0135435076802749,0.4577043393661687,1373.1130180985062
2021-05-11,-0.0104394621005694,0.4529261522620894,1358.7784567862684
2021-05-12,-0.0220925380939862,0.4429198639894766,1328.75959196843
2021-05-13,0.0049831544326467,0.4451270020730231,1335.3810062190694
2021-05-14,0.0064547607406889,0.4480001903706247,1344.0005711118745
2021-05-17,0.0014635761863051,0.4486558727807113,1345.967618342134
2021-05-18,-0.0214947591104891,0.4390121228717837,1317.0363686153512
2021-05-19,0.0183442409123767,0.4470654670171975,1341.1964010515926
2021-05-20,,0.4452777853659548,1335.8333560978645
2021-05-21,0.0024373517412988,0.4463630839514781,1339.0892518544345
2021-05-24,-0.0044163508482574,0.4443917879670382,1333.175363901115
2021-05-25,0.0155250804762142,0.4512910062381952,1353.8730187145857
2021-05-26,-0.0195956901350642,0.4424476475192102,1327.3429425576307
2021-05-27,0.0069648681568395,0.4455292370504853,1336.587711151456
2021-05-28,0.0349143339288166,0.4610845936079168,1383.2537808237505
2021-05-31,-0.0011031967012021,0.4605759266052734,1381.7277798158204
2021-06-01,0.0050029028759507,0.4628801432330807,1388.640429699242
2021-06-02,-0.0106736062536218,0.4579395428415907,1373.818628524772
2021-06-03,0.0001664579605222,0.4580157705239346,1374.047311571804
2021-06-04,0.0123133761396619,0.4636554909842929,1390.9664729528788
2021-06-07,-0.0190662885214961,0.4548153016186104,1364.4459048558313
2021-06-08,-0.0023551186131809,0.4537441576362089,1361.232472908627
2021-06-09,0.0079366808264519,0.4573453801922349,1372.0361405767048
2021-06-10,-0.0285383074505106,0.4442935171212382,1332.8805513637149
2021-06-11,0.0083803717211742,0.4480168619480221,1344.0505858440663
2021-06-14,0.0205167299565618,0.4572087029205959,1371.6261087617877
2021-06-15,-0.0044185295088054,0.4551885127750586,1365.5655383251758
2021-06-16,-0.003809049946386,0.4534546769948773,1360.364030984632
2021-06-17,0.0003427313130715,0.4536100901117421,1360.8302703352265
2021-06-18,-0.022229483376437,0.443526572154219,1330.5797164626572
2021-06-21,-0.002795255744503,0.4422868019555652,1326.8604058666958
2021-06-22,0.0396750910285548,0.4598345710838807,1379.503713251642
2021-06-23,8.342076701472114e-05,0.4598729308365004,1379.6187925095012
2021-06-24,0.0088894342735787,0.4639609410293695,1391.8828230881086
2021-06-25,0.008754768972668,0.4680228118804233,1404.0684356412698
2021-06-28,-0.0022162740707028,0.4669855450579552,1400.9566351738658
2021-06-29,-0.0131974755994521,0.460822514721756,1382.467544165268
2021-06-30,-0.0220186638615037,0.4506758186702848,1352.0274560108544
2021-07-01,0.0142310509676619,0.4570894092156743,1371.2682276470232
2021-07-02,-0.00672353405664,0.4540161530058832,1362.0484590176495
2021-07-05,-0.0097993205993128,0.4495671031653119,1348.701309495936
2021-07-06,0.027845764211523,0.4620856427173107,1386.256928151932
2021-07-07,-0.0116090409718675,0.4567212715584937,1370.163814675481
2021-07-08,0.0425128124320614,0.4761377773099925,1428.4133319299776
2021-07-09,0.0204985213566043,0.4858978977068675,1457.6936931206026
2021-07-12,,0.4951132975723416,1485.339892717025
2021-07-13,-0.0111528750538403,0.4895913608270224,1468.7740824810674
2021-07-14,0.0220008940285274,0.5003628084738603,1501.0884254215807
2021-07-15,-0.0149930341502126,0.4928608517989153,1478.582555396746
2021-07-16,0.0009033532812878,0.4933060792666062,1479.9182377998188
2021-07-19,0.0308209744043135,0.5085102533091745,1525.5307599275236
2021-07-20,0.005945562188814,0.5115336326438739,1534.6008979316216
2021-07-21,-0.0188919554612534,0.5018697620390327,1505.609286117098
2021-07-22,0.0025985362552262,0.5031738888110929,1509.5216664332788
2021-07-23,-0.0022771043801818,0.5020281093448881,1506.0843280346642
2021-07-26,0.0045097986314462,0.5042921550253592,1512.8764650760777
2021-07-27,-0.0131279515575907,0.4976718320433131,1493.0154961299395
2021-07-28,0.0128527291987604,0.5040682733304169,1512.2048199912508
2021-07-29,0.0008152787389093,0.5044792294766219,1513.4376884298658
2021-07-30,-0.0011176779831925,0.503915384148858,1511.746152446574
2021-08-02,-0.0239209433362672,0.4918612527983597,1475.5837583950793
2021-08-03,0.0199675918113247,0.5016825375220443,1505.0476125661328
2021-08-04,0.0124229299707462,0.507914904553227,1523.7447136596809
2021-08-05,0.0338062494893122,0.5250856025358935,1575.256807607681
2021-08-06,-0.0142743862143134,0.5175903278497207,1552.770983549162
2021-08-09,0.0075535023134759,0.5214999475885663,1564.499842765699
2021-08-10,0.0239952259168203,0.534013456646564,1602.0403699396918
2021-08-11,-0.0181418695979069,0.5243254541525545,1572.9763624576635
2021-08-12,-0.0321978338375611,0.5074433103029468,1522.3299309088402
2021-08-13,0.020286949421236,0.5177377870732073,1553.213361219622
2021-08-16,-0.0083748299883619,0.5134018211279184,1540.2054633837554
2021-08-17,-0.0048287214830192,0.5109227467248169,1532.7682401744505
2021-08-18,0.035621045300951,0.5291223490311879,1587.3670470935638
2021-08-19,0.0146654717021892,0.5368821778679007,1610.6465336037022
2021-08-20,-0.0113855455925553,0.5307694813539553,1592.308444061866
2021-08-23,0.0120136307942723,0.5371459499398091,1611.4378498194274
2021-08-24,-0.0015740164335271,0.5363004733874013,1608.9014201622035
2021-08-25,0.0085333283072432,0.5408769013981459,1622.6307041944378
2021-08-26,0.0039817383052983,0.543030531674894,1629.091595024682
2021-08-27,-0.0296420707161904,0.5269339822539363,1580.801946761809
2021-08-30,-0.0160876593944842,0.5184568478240558,1555.3705434721674
2021-08-31,0.0108184229260202,0.5240657332727077,1572.197199818123
2021-09-01,-0.0026126394655682,0.5226965384554074,1568.0896153662222
2021-09-02,0.020824524229413,0.5335814451851024,1600.744335555307
2021-09-03,-0.0053821531910786,0.5307096281071991,1592.1288843215973
2021-09-06,0.0126808610625312,0.5374394831657742,1612.3184494973225
2021-09-07,-0.0089463898705926,0.5326313400175233,1597.89402005257
2021-09-08,-0.0130183087385118,0.5256973807893679,1577.0921423681036
2021-09-09,-0.0127103268123703,0.5190155952751279,1557.0467858253835
2021-09-10,0.0001071955535132,0.5190712314391454,1557.213694317436
2021-09-13,-0.0156516420911137,0.5109469143048662,1532.8407429145984
2021-09-14,0.0015689226198993,0.5117485504762869,1535.2456514288606
2021-09-15,-0.0084669193855717,0.5074156167537209,1522.2468502611628
2021-09-16,0.007955917623313,0.5114525736013961,1534.357720804188
2021-09-17,0.0051292625306061,0.5140759481233519,1542.2278443700557
2021-09-20,-0.0071112144498354,0.5104202438127443,1531.2607314382328
2021-09-21,0.0401409271732073,0.5309089856473624,1592.726956942087
2021-09-22,0.0025348302442981,0.532254749801151,1596.7642494034528
2021-09-23,-0.0118494516596002,0.5259478228727896,1577.843468618369
2021-09-24,0.0289945331802633,0.541197434474162,1623.592303422486
2021-09-27,,0.5419071502736823,1625.7214508210468
2021-09-28,-0.0004843455610636,0.5416446799509387,1624.934039852816
2021-09-29,-0.0063088747471451,0.5382275115076707,1614.682534523012
2021-09-30,0.0014315539931917,0.5389980132510152,1616.9940397530454
2021-10-01,0.0065234301298031,0.5425141291305609,1627.5423873916825
2021-10-04,-0.0090264023535263,0.5376171783185555,1612.8515349556665
2021-10-05,0.0002343360742342,0.5377431614175636,1613.2294842526908
2021-10-06,-0.0076779628987704,0.5336143893751321,1600.8431681253962
2021-10-07,0.0027886811247004,0.535102469750651,1605.307409251953
2021-10-08,0.0078737385928384,0.5393157267178499,1617.9471801535497
2021-10-11,0.0018385352919503,0.5403072777149245,1620.9218331447737
2021-10-12,-0.0058123108408513,0.5371668438672712,1611.5005316018137
2021-10-13,-0.0068606789179941,0.5334815146261056,1600.4445438783168
2021-10-14,-0.0158780923595202,0.5250108458647755,1575.0325375943266
2021-10-15,0.0037541038034999,0.5269817910781152,1580.9453732343454
2021-10-18,-0.0003627787235185,0.5267906132966302,1580.371839889891
2021-10-19,-0.0031680322035877,0.5251217236691588,1575.3651710074764
2021-10-20,0.0038076513037672,0.5271212040849241,1581.3636122547723
2021-10-21,0.0090822888990837,0.5319086711452563,1595.726013435769
2021-10-22,0.0061186283514436,0.5351632226209043,1605.489667862713
2021-10-25,0.0213320626070806,0.5465793579908604,1639.738073972581
2021-10-26,0.0155727916528983,0.555091124454627,1665.273373363881
2021-10-27,-0.0057550529748238,0.5518965456275362,1655.6896368826085
2021-10-28,0.0198572669281238,0.5628557026507717,1688.567107952315
2021-10-29,0.0190976112041441,0.5736049020240315,1720.8147060720944
2021-11-01,-0.012062246393874,0.5666859383630836,1700.0578150892509
2021-11-02,0.0082245818972808,0.5713466932731882,1714.0400798195649
2021-11-03,0.0169749684692047,0.581045285376485,1743.135856129455
2021-11-04,-0.022352514675422,0.5680574621080223,1704.172386324067
2021-11-05,0.0119714226730895,0.57485791808952,1724.5737542685602
2021-11-08,0.0115267224026306,0.5814841457322921,1744.4524371968764
2021-11-09,-0.0340928472931331,0.5616596955484631,1684.979086645389
2021-11-10,-0.0006730436443603,0.5612816740600809,1683.8450221802427
2021-11-11,0.0066452455870621,0.5650115286277275,1695.034585883183
2021-11-12,0.0051288255972277,0.5679093742184822,1703.728122655447
2021-11-15,-0.0081679963872352,0.5632706925015887,1689.812077504766
2021-11-16,-0.0101615774024302,0.5575469737612133,1672.64092128364
2021-11-17,-0.0038699349191072,0.5553893032584122,1666.1679097752365
2021-11-18,-0.0129271202831257,0.5482097189312293,1644.6291567936878
2021-11-19,0.0143951553924124,0.5561012830228751,1668.3038490686254
2021-11-22,-0.0102681106710577,0.550391173504479,1651.1735205134369
2021-11-23,0.0008512834705305,0.5508597124128093,1652.5791372384278
2021-11-24,0.0102463061530053,0.5565039896735474,1669.5119690206425
2021-11-25,0.0434316352732371,0.5806738679811503,1742.0216039434508
2021-11-26,-0.0057944292342135,0.5773091943449764,1731.9275830349293
2021-11-29,-0.0207986851381766,0.5653019221844209,1695.9057665532623
2021-11-30,0.0137263122768518,0.5730614328990289,1719.184298697087
2021-12-01,-0.0392577432179582,0.5505643343181635,1651.6930029544906
2021-12-02,0.0110866123153421,0.5566682276474034,1670.0046829422104
2021-12-03,-0.0028367130308213,0.5550891196321918,1665.2673588965754
2021-12-06,-0.0335948368682151,0.5364409912108271,1609.3229736324813
2021-12-07,0.0102657202730098,0.5419479443695736,1625.843833108721
2021-12-08,-0.0108813764754215,0.5360508047568074,1608.1524142704222
2021-12-09,0.0017973445533943,0.5370142727510797,1611.0428182532391
2021-12-10,-0.0099471950738409,0.531672487022588,1595.017461067764
2021-12-13,0.0006191999724079,0.5320016986118824,1596.0050958356471
2021-12-14,-0.0213064136673323,0.5206666503495342,1561.9999510486025
2021-12-15,0.0077712089553573,0.5247128596854863,1574.1385790564589
2021-12-16,0.0023941277007782,0.5259690892778138,1577.9072678334414
2021-12-17,0.0146717639013559,0.5336859835751092,1601.0579507253276
2021-12-20,,0.5286002416382682,1585.8007249148047
2021-12-21,0.0013608041583241,0.5293195630451808,1587.9586891355425
2021-12-22,0.0065805237826405,0.5328027630184166,1598.4082890552495
2021-12-23,0.0005689917030323,0.5331059233699267,1599.31777010978
2021-12-24,0.0047129429388746,0.5356184211671452,1606.8552635014355
2021-12-27,0.0018363196501686,0.5366019877989268,1609.8059633967805
2021-12-28,-0.0264089611017131,0.522430886776043,1567.292660328129
2021-12-29,-0.0146158870086537,0.5147950959650935,1544.3852878952807
2021-12-30,0.0069560387506617,0.5183760306012773,1555.128091803832
2021-12-31,,0.5253312203839388,1575.9936611518162
2022-01-03,-0.0036530556308943,0.5234121562112306,1570.236468633692
2022-01-04,0.0128781628908095,0.5301527432179486,1590.4582296538458
2022-01-05,-0.0274882761718267,0.515579758199122,1546.739274597366
2022-01-06,-0.0059776120854593,0.5124978224054928,1537.4934672164784
2022-01-07,0.0119299511744641,0.5186118964038096,1555.8356892114286
2022-01-10,0.0229710096188286,0.5305249352645405,1591.5748057936214
2022-01-11,,0.5245654428019096,1573.696328405729
2022-01-12,-0.0075293211552446,0.5206158211161109,1561.847463348333
2022-01-13,0.0057119813393343,0.5235895689712884,1570.7687069138651
2022-01-14,0.0003883453848358,0.5237929025639466,1571.3787076918395
2022-01-17,-0.0048492647606778,0.5212528920996501,1563.7586762989504
2022-01-18,0.0224802982456036,0.5329708125754337,1598.912437726301
2022-01-19,-0.0046393562038329,0.5304981711296499,1591.4945133889498
2022-01-20,0.0068948204264425,0.5341558607561451,1602.4675822684353
2022-01-21,0.0022425946347165,0.5353537558235792,1606.0612674707377
2022-01-24,0.0075672732544207,0.5394049239816767,1618.2147719450302
2022-01-25,-0.0082802678221813,0.534938506746505,1604.815520239515
2022-01-26,0.0093324363598166,0.5399307863171321,1619.7923589513962
2022-01-27,-0.0132476850468054,0.5327779533129288,1598.3338599387862
2022-01-28,0.031417046144443,0.5495162628569029,1648.548788570709
2022-01-31,-0.0013153142774972,0.5487934762706503,1646.380428811951
2022-02-01,0.0075262025450213,0.5529238071284496,1658.7714213853487
2022-02-02,-0.0058365993596328,0.5496966123898379,1649.0898371695137
2022-02-03,-0.0056716026472201,0.5465789516278398,1639.7368548835193
2022-02-04,-0.0001770507517198,0.5464821794135798,1639.4465382407393
2022-02-07,0.0183061006686639,0.5564861372035557,1669.458411610667
2022-02-08,0.0192938762995507,0.5672229118971759,1701.6687356915277
2022-02-09,0.0036734876466483,0.569306598256926,1707.919794770778
2022-02-10,0.0103720529188799,0.5752114764211144,1725.634429263343
2022-02-11,-0.0020131131555479,0.5740535106307089,1722.1605318921263
2022-02-14,-0.0462355364182327,0.5475118386339284,1642.5355159017852
2022-02-15,-0.0057773410782201,0.5443486759977767,1633.0460279933302
2022-02-16,0.0063003582558022,0.5477782676726344,1643.3348030179031
2022-02-17,0.0125167381474531,0.5546346648119582,1663.903994435875
2022-02-18,0.0429004100177359,0.5784287193424408,1735.2861580273222
2022-02-21,0.0115672062549384,0.5851195236428548,1755.3585709285644
2022-02-22,0.0195647410056299,0.5965672355802648,1789.7017067407944
2022-02-23,0.0035337442013566,0.598675351589716,1796.026054769148
2022-02-24,-0.0218588454343814,0.5855889996139424,1756.7669988418272
2022-02-25,-0.0015820770356243,0.584662552705339,1753.987658116017
2022-02-28,0.0089436812241843,0.5898915882004534,1769.6747646013605
2022-03-01,0.0003487814319781,0.5900973314332979,1770.2919942998938
2022-03-02,-0.0106928239746761,0.5837875245403555,1751.3625736210663
2022-03-03,-0.0099464582438487,0.577980906304235,1733.9427189127052
2022-03-04,0.0102659032015686,0.5839144023407092,1751.7432070221278
2022-03-07,0.0006625108866466,0.5843012519891297,1752.903755967389
2022-03-08,0.0052179451173265,0.5873501038539942,1762.0503115619829
2022-03-09,-0.0215465597705021,0.5746947297350935,1724.0841892052806
2022-03-10,0.0123761750701849,0.5818072523222076,1745.421756966623
2022-03-11,0.0216508024461451,0.5944038462039704,1783.211538611911
2022-03-14,0.0134097755899769,0.6023746683913848,1807.1240051741545
2022-03-15,-0.0140264738523899,0.5939254758558509,1781.776427567553
2022-03-16,0.0005225360380913,0.5942358233209262,1782.7074699627783
2022-03-17,0.0157404341007602,0.6035893531382203,1810.768059414661
2022-03-18,-0.0068778703622402,0.5994379438153071,1798.313831445921
2022-03-21,0.0140990978721003,0.6078894780534096,1823.668434160229
2022-03-22,0.0292655541347352,0.6256797004813177,1877.039101443953
2022-03-23,-0.0121220002353327,0.6180952110048403,1854.285633014521
2022-03-24,0.0152426456284404,0.6275166172708232,1882.5498518124696
2022-03-25,0.0022366804732017,0.6289201714352824,1886.7605143058477
2022-03-28,0.00049005238416,0.6292283752647406,1887.685125794222
2022-03-29,-0.014710544907745,0.6199720829931812,1859.9162489795435
2022-03-30,-0.0037692257528023,0.6176352682519448,1852.9058047558344
2022-03-31,0.0272277724214677,0.634452100775381,1903.356302326143
2022-04-01,0.0230689504796507,0.6490882448698785,1947.2647346096355
2022-04-04,0.0129718510321845,0.6575081208890727,1972.5243626672184
2022-04-05,-0.012691474777076,0.6491633731570864,1947.490119471259
2022-04-06,-0.0219777705489048,0.6348962094930869,1904.6886284792608
2022-04-07,0.029533062690726,0.6536466390501505,1960.9399171504515
2022-04-08,-0.0134916901768038,0.6448278411109768,1934.4835233329304
2022-04-11,-0.0399519869040346,0.6190656876475541,1857.1970629426623
2022-04-12,0.0042423409279054,0.6216919753513233,1865.0759260539696
2022-04-13,0.0276929659328685,0.6389084700454651,1916.7254101363956
2022-04-14,0.0035531522016594,0.641178609082466,1923.5358272473984
2022-04-15,-0.0127031936814264,0.6330335930269039,1899.100779080712
2022-04-18,-0.0240313615761817,0.6178209338630049,1853.4628015890144
2022-04-19,0.0125350705347204,0.6255653628468045,1876.6960885404133
2022-04-20,-0.0027649018533879,0.6238357360156541,1871.5072080469624
2022-04-21,-0.0016706750572717,0.622793509211658,1868.380527634974
2022-04-22,0.0012393169944876,0.6235653477916805,1870.6960433750412
2022-04-25,-0.00979906572103,0.6174549899673129,1852.3649699019384
2022-04-26,0.0241909937473556,0.6323918397688857,1897.175519306657
2022-04-27,0.0243319115415938,0.647779142073768,1943.337426221304
2022-04-28,-0.0034459567613045,0.6455469231593068,1936.6407694779205
2022-04-29,0.0102107638246692,0.6521384503294285,1956.4153509882856
2022-05-02,-0.0019906569931161,0.6508402663628003,1952.520799088401
2022-05-03,-0.0237113376786793,0.6354079730321903,1906.2239190965709
2022-05-04,-0.009367807052566,0.6294555937411627,1888.366781223488
2022-05-05,-0.0009420684267003,0.6288626035002891,1886.5878105008676
2022-05-06,0.0060203259924826,0.6326485613778422,1897.9456841335264
2022-05-09,0.0054036822907239,0.6360671932052117,1908.201579615635
2022-05-10,0.0025909828402383,0.637715232388045,1913.1456971641348
2022-05-11,-0.0085441415517992,0.6322665031727829,1896.7995095183487
2022-05-12,0.008996634269284,0.6379547736625475,1913.8643209876425
2022-05-13,-0.0184446779105091,0.62618790334087,1878.5637100226104
2022-05-16,0.0196374996459448,0.6384846680710214,1915.4540042130643
2022-05-17,0.0526810590757308,0.6721207165886194,2016.3621497658585
2022-05-18,,0.6782848062529758,2034.8544187589275
2022-05-19,,0.6810617149284657,2043.1851447853967
2022-05-20,,0.678487466291987,2035.4623988759608
2022-05-23,,0.6766060561919199,2029.81816857576
2022-05-24,,0.6910379021147478,2073.1137063442434
2022-05-25,0.0142703777066412,0.7008992739875303,2102.6978219625908
2022-05-26,0.0111208230518916,0.7086938507907449,2126.0815523722345
2022-05-27,-0.0118270049875364,0.7003121250828064,2100.936375248419
2022-05-30,0.0090594863903687,0.7066565932490043,2119.969779747013
2022-05-31,-0.0234558951479354,0.6900813302921585,2070.2439908764754
2022-06-01,-0.0186578898484787,0.6772058688450757,2031.6176065352272
2022-06-02,,0.6862790521271077,2058.837156381323
2022-06-03,0.0001438353231784,0.686377763296361,2059.1332898890832
2022-06-06,-0.0056837646046945,0.6824765536598878,2047.4296609796636
2022-06-07,0.0026421762351223,0.6842797769909962,2052.8393309729886
2022-06-08,-0.0143241885248978,0.6744780244616021,2023.4340733848064
2022-06-09,0.0041820526869336,0.6772987270960794,2031.8961812882385
2022-06-10,-0.0568931429692938,0.6387650737824815,1916.2952213474448
2022-06-13,-0.0127142181632465,0.6306436752793487,1891.9310258380465
2022-06-14,0.0121100289910966,0.6382807884700334,1914.8423654101
2022-06-15,-0.0158191683018689,0.6281837172533764,1884.5511517601287
2022-06-16,-0.0148030415624346,0.61888468757803,1856.6540627340896
2022-06-17,-0.0256747981484428,0.6029949481473019,1808.9848444419056
2022-06-20,0.0067677835716876,0.6070758874511839,1821.227662353552
2022-06-21,0.0020981226414775,0.6083496071157404,1825.048821347221
2022-06-22,0.0122505408815172,0.6158022188479667,1847.4066565439
2022-06-23,-0.0141290434344845,0.6071015225508118,1821.3045676524357
2022-06-24,0.0163820522449495,0.6170470914112277,1851.1412742336831
2022-06-27,0.0160207703595697,0.6269326611637673,1880.797983491302
2022-06-28,0.0089796550823881,0.6325623002209017,1897.686900662705
2022-06-29,0.0161601217322176,0.642784583995683,1928.3537519870488
2022-06-30,-0.0007588826567636,0.6422967859228536,1926.8903577685608
2022-07-01,0.0199455160442205,0.6551077267716291,1965.3231803148876
2022-07-04,0.0065854901486176,0.6594219322525671,1978.2657967577013
2022-07-05,0.0191044009106666,0.6720197932156066,2016.05937964682
2022-07-06,0.0009477244321363,0.6726566827925162,2017.970048377549
2022-07-07,0.0227914921395578,0.6879875322910028,2063.9625968730084
2022-07-08,-0.0147375684722533,0.6778482689258075,2033.5448067774223
2022-07-11,0.011292236105461,0.6855026916221958,2056.508074866588
2022-07-12,-0.0089505258930095,0.6793670820311035,2038.1012460933105
2022-07-13,-0.0236645569956871,0.6632901609973848,1989.8704829921544
2022-07-14,-0.0019685652570721,0.6619844310310876,1985.9532930932628
2022-07-15,-0.0107370914798128,0.654876643636895,1964.629930910685
2022-07-18,-0.0023048742945801,0.6533672352948554,1960.1017058845664
2022-07-19,0.0083186483777138,0.6588023675867923,1976.407102760377
2022-07-20,-0.0076306887130832,0.6537752517962953,1961.3257553888857
2022-07-21,,0.6546646383277059,1963.9939149831175
2022-07-22,-0.0091845383849249,0.6486518458277322,1945.9555374831964
2022-07-25,-0.0233931904263714,0.6334778096778667,1900.4334290336
2022-07-26,-0.0013213162200183,0.6326407851729177,1897.922355518753
2022-07-27,0.0055332813595621,0.6361413646368137,1908.424093910441
2022-07-28,0.0028051079590472,0.6379258098418356,1913.7774295255067
2022-07-29,,0.6502885228529615,1950.8655685588844
2022-08-01,0.0169473671349913,0.6613092011934218,1983.9276035802652
2022-08-02,-0.0255041014200401,0.6444431042561791,1933.3293127685372
2022-08-03,0.0047896301199519,0.6475297483589199,1942.58924507676
2022-08-04,0.0259199490822521,0.6643136864656266,1992.94105939688
2022-08-05,-0.023667121421599,0.6485912937860145,1945.773881358044
2022-08-08,0.0063647388599238,0.6527194079977826,1958.158223993348
2022-08-09,-0.0016271977836728,0.6516573044237284,1954.971913271185
2022-08-10,-0.0051149555489635,0.6483241062784436,1944.9723188353307
2022-08-11,-0.00081771548497,0.6477939616174604,1943.381884852381
2022-08-12,-0.0134366441656056,0.6390897846625786,1917.269353987736
2022-08-15,0.0086207051450983,0.6445991892573991,1933.7975677721972
2022-08-16,-0.0119063040671001,0.6369243953086943,1910.7731859260828
2022-08-17,-0.0044895510824103,0.6340648907003226,1902.194672100968
2022-08-18,0.0076065292604654,0.6388879238444684,1916.663771533405
2022-08-19,0.0033016055373622,0.6409972797515872,1922.991839254761
2022-08-22,0.0255808267395806,0.6573945201054551,1972.1835603163647
2022-08-23,0.0117722810226696,0.6651335531388995,1995.4006594166983
2022-08-24,-0.0039561672974577,0.6625021735275296,1987.5065205825888
2022-08-25,-0.0130374703987146,0.6538648210510802,1961.594463153241
2022-08-26,-0.0314539586275713,0.6332981840217152,1899.8945520651455
2022-08-29,-0.0263040231603204,0.6166398939218192,1849.9196817654572
2022-08-30,0.000358572049544,0.6168610037524134,1850.58301125724
2022-08-31,-0.005229250279662,0.6136352831760284,1840.9058495280851
2022-09-01,-0.0066230387917209,0.609571152891585,1828.7134586747552
2022-09-02,-0.0150662854993679,0.6003871798699415,1801.1615396098246
2022-09-05,0.0049655251637409,0.603368417519573,1810.105252558719
2022-09-06,-0.0236181963057045,0.5891179437899334,1767.3538313698002
2022-09-07,-0.0069716297690562,0.5850108315955224,1755.032494786567
2022-09-08,-0.019218681860942,0.5737676945378828,1721.3030836136484
2022-09-09,-0.0329127570000281,0.554883417833091,1664.650253499273
2022-09-12,0.013709755486247,0.5624907338149557,1687.472201444867
2022-09-13,0.0246031257011609,0.5763297640447433,1728.98929213423
2022-09-14,0.0079116226585053,0.5808894676647308,1742.6684029941923
2022-09-15,0.025594971868269,0.5957573172481834,1787.27195174455
2022-09-16,0.0063846340260513,0.5995610096871552,1798.6830290614655
2022-09-19,-0.0219364617334425,0.5864087625412887,1759.226287623866
2022-09-20,-0.0082986124813558,0.5815423834652872,1744.6271503958617
2022-09-21,0.0068483199139188,0.5855249717507603,1756.574915252281
2022-09-22,-0.0372538695500651,0.5637119008348519,1691.1357025045556
2022-09-23,-0.0203131192162939,0.5522611537895499,1656.7834613686496
2022-09-26,0.0363876819535506,0.572356657008945,1717.069971026835
2022-09-27,-0.0120733873607765,0.5654463733803569,1696.339120141071
2022-09-28,-0.0190511821564032,0.5546739515214101,1664.0218545642304
2022-09-29,0.0035104014959604,0.556621079790601,1669.863239371803
2022-09-30,-0.0095291417078368,0.5513169586437072,1653.9508759311216
2022-10-03,-0.0556603231897865,0.5206304785455883,1561.891435636765
2022-10-04,0.0054050459122508,0.5234445101854442,1570.3335305563328
2022-10-05,-0.0088292469766464,0.5188228893264473,1556.4686679793415
2022-10-06,-0.0005812604302878,0.5185213181105542,1555.563954331663
2022-10-07,0.001115531308187,0.519099744874869,1557.299234624607
2022-10-10,-0.0336116964094947,0.5016519218438887,1504.9557655316662
2022-10-11,0.003356743552153,0.5033358386979634,1510.0075160938902
2022-10-12,0.0081687457593068,0.5074474611958346,1522.342383587504
2022-10-13,-0.0020127674937543,0.5064260874411515,1519.2782623234543
2022-10-14,0.042404642077635,0.5279009044178705,1583.7027132536116
2022-10-17,-0.0405301120754232,0.506505021597097,1519.515064791291
2022-10-18,0.0013995595710543,0.5072139055478603,1521.6417166435808
2022-10-19,0.0116880593305972,0.5131422517692076,1539.426755307623
2022-10-20,-0.0125782253873985,0.5066878328706573,1520.063498611972
2022-10-21,-0.006662988366563,0.5033117777347611,1509.935333204283
2022-10-24,0.0049118961611348,0.5057839929236705,1517.3519787710115
2022-10-25,0.0144594489468812,0.5130973507475001,1539.2920522425002
2022-10-26,-0.0033725738861422,0.5113668920213204,1534.1006760639611
2022-10-27,-0.011773456443411,0.5053463361915048,1516.0390085745144
2022-10-28,0.0141260539918654,0.5124848858211374,1537.454657463412
2022-10-31,0.022103323255584,0.523812504916043,1571.4375147481292
2022-11-01,0.0121121085339143,0.5301569788270077,1590.4709364810233
2022-11-02,0.0081729005489469,0.534489899090291,1603.469697270873
2022-11-03,-0.0139076039525625,0.5270564252570981,1581.1692757712942
2022-11-04,-0.0192149283488321,0.5169290738099913,1550.787221429974
2022-11-07,0.0090128673904449,0.5215880870025064,1564.764261007519
2022-11-08,-0.0271126773289295,0.5074464375009937,1522.339312502981
2022-11-09,-0.0224264583932264,0.4960662110835867,1488.1986332507602
2022-11-10,-0.0043206817686817,0.4939228668492988,1481.7686005478963
2022-11-11,0.0052236329195305,0.4965029385962817,1489.5088157888451
2022-11-14,0.0102315081342021,0.5015829124511849,1504.7487373535548
2022-11-15,-0.003350404963499,0.4999024065717021,1499.7072197151065
2022-11-16,0.0221976999937481,0.5109990902189335,1532.9972706568003
2022-11-17,0.0213779905376172,0.5219232239343649,1565.7696718030943
2022-11-18,0.0178380291788069,0.531233305632003,1593.699916896009
2022-11-21,0.0171360503538507,0.5403365463069556,1621.0096389208668
2022-11-22,0.024589716827725,0.5536232689723146,1660.8698069169438
2022-11-23,-0.0219894553281001,0.5414493948306511,1624.3481844919534
2022-11-24,-0.0335330992430983,0.5232929185386794,1569.8787556160382
2022-11-25,0.0149188411033479,0.5310998424408652,1593.2995273225954
2022-11-28,-0.0088871283363379,0.5263798899816844,1579.1396699450531
2022-11-29,0.0003720469968827,0.5265757280389716,1579.7271841169147
2022-11-30,-0.0083644021689501,0.5221712368772459,1566.5137106317377
2022-12-01,-0.0154008781009413,0.5141293413102817,1542.388023930845
2022-12-02,0.0060996820423612,0.5172653668209231,1551.7961004627691
2022-12-05,0.0157631821869037,0.5254191150370968,1576.2573451112903
2022-12-06,0.0100838166089601,0.530717345035973,1592.1520351079191
2022-12-07,-0.0195720198010538,0.5203301346501662,1560.9904039504986
2022-12-08,0.0295067449274577,0.5356833832113584,1607.0501496340753
2022-12-09,-0.0077304605286058,0.5315423039616131,1594.6269118848393
2022-12-12,0.0103214816744799,0.5370286081111637,1611.085824333491
2022-12-13,-0.0129745669359937,0.5300608944886819,1590.1826834660455
2022-12-14,0.0137999946293932,0.5373757319858771,1612.127195957631
2022-12-15,-0.0027744610954233,0.5358848039238576,1607.6544117715728
2022-12-16,-0.0111324732964613,0.5299190806541958,1589.7572419625874
2022-12-19,-0.0230434903993508,0.517707895406708,1553.123686220124
2022-12-20,-0.0032748439447609,0.5160124828402805,1548.0374485208413
2022-12-21,0.0073863825751279,0.5198239484520804,1559.4718453562411
2022-12-22,-0.0138938896178116,0.5126015718915922,1537.8047156747764
2022-12-23,,0.5040339128223875,1512.1017384671625
2022-12-26,-0.0075577681902955,0.5002245413492283,1500.673624047685
2022-12-27,-0.011786577305211,0.4943286061226519,1482.9858183679555
2022-12-28,0.0045266561051064,0.4965662617254858,1489.6987851764577
2022-12-29,-0.014338546652151,0.4894462232158507,1468.338669647552
2022-12-30,-0.0118484119892609,0.4836470627166014,1450.9411881498045
2023-01-02,-0.008947106877828,0.4793198207553284,1437.9594622659852
2023-01-03,0.0137108951873054,0.4858917245789028,1457.6751737367083
2023-01-04,-0.0316445830672423,0.4705158835387801,1411.5476506163402
2023-01-05,0.0138042566843559,0.4770110055692159,1431.033016707648
2023-01-06,0.027106092590779,0.4899409100529958,1469.8227301589873
2023-01-09,-0.0057604464799683,0.4871186316622885,1461.3558949868657
2023-01-10,-0.004574731691334,0.4848901946205838,1454.6705838617513
2023-01-11,0.0314164460213986,0.5001237212461869,1500.3711637385609
2023-01-12,-0.0279178260145605,0.4861613542106813,1458.4840626320438
2023-01-13,-0.0195624269547188,0.4766508582307276,1429.952574692183
2023-01-16,,0.4724579335182551,1417.3738005547657
2023-01-17,0.0036949191804191,0.474203627398753,1422.610882196259
2023-01-18,-0.0030649528586508,0.4727502156353746,1418.2506469061238
2023-01-19,0.0071450803935527,0.4761280539321587,1428.3841617964763
2023-01-20,-0.004232687189298,0.4741127528178146,1422.3382584534438
2023-01-23,0.0191222745362818,0.4831788670383491,1449.5366011150477
2023-01-24,-0.0073966433649928,0.4796049652773652,1438.8148958320955
2023-01-25,-0.0081111510763261,0.4757148169470442,1427.1444508411328
2023-01-26,-0.0226848457668207,0.4649232996956092,1394.7698990868275
2023-01-27,-0.0041591714604237,0.4629896039762292,1388.9688119286875
2023-01-30,0.0136450897505239,0.4693071386760444,1407.9214160281333
2023-01-31,-0.0227763363200043,0.4586180414481799,1375.8541243445395
2023-02-01,0.0480946128646364,0.4806750986043679,1442.0252958131036
2023-02-02,0.0186755963813498,0.4896519927364686,1468.955978209406
2023-02-03,-0.0045693856411372,0.4874145839517043,1462.243751855113
2023-02-06,0.0041264429179143,0.48942587240974,1468.27761722922
2023-02-07,-0.0131182859930739,0.4830054438430594,1449.0163315291782
2023-02-08,0.0045884507400512,0.4852216905293098,1455.6650715879296
2023-02-09,0.0248061025244616,0.4972581495316725,1491.7744485950177
2023-02-10,0.0180576886738891,0.5062374823864696,1518.7124471594088
2023-02-13,-0.0005837379117449,0.5059419723756543,1517.8259171269628
2023-02-14,0.0032841073851784,0.5076035401436049,1522.8106204308149
2023-02-15,-0.0065274635128857,0.5042901765563058,1512.8705296689177
2023-02-16,0.0137705719324755,0.5112345407074153,1533.703622122246
2023-02-17,0.0226208942883833,0.522799123209328,1568.3973696279838
2023-02-20,-0.0030333714213019,0.5212132792899031,1563.6398378697097
2023-02-21,-0.0069837202918828,0.5175732715349274,1552.7198146047822
2023-02-22,-0.0027730898390584,0.5161379943546657,1548.413983063997
2023-02-23,-0.0183261254645862,0.5066791847130822,1520.0375541392464
2023-02-24,-0.0477633018540811,0.4824785138704514,1447.4355416113542
2023-02-27,0.0135632356523594,0.4890224836512765,1467.0674509538296
2023-02-28,0.0277331986617397,0.5025846413404348,1507.7539240213043
2023-03-01,,0.4934526523433511,1480.3579570300533
2023-03-02,-0.0164225293771007,0.4853489116640341,1456.0467349921023
2023-03-03,-0.0088338357504714,0.481061419096724,1443.184257290172
2023-03-06,-0.0006539628759789,0.480746822787569,1442.240468362707
2023-03-07,0.001889561512975,0.4816552234813934,1444.9656704441802
2023-03-08,0.00341066879631,0.4832979899227011,1449.8939697681033
2023-03-09,0.0049735618560638,0.485701702370493,1457.105107111479
2023-03-10,0.00177779230738,0.4865651791206486,1459.695537361946
2023-03-13,0.0106431216791541,0.4917437515268691,1475.2312545806074
2023-03-14,0.0015234478177879,0.4924928974720435,1477.4786924161306
2023-03-15,-0.0021789421461446,0.4914197839410648,1474.2593518231945
2023-03-16,-0.0116295693668516,0.4857047834754789,1457.1143504264369
2023-03-17,0.0261211177165864,0.4983919353001511,1495.1758059004535
2023-03-20,-0.0220260465039654,0.4874143313560287,1462.242994068086
2023-03-21,0.0194571813726987,0.4968980404048756,1490.6941212146269
2023-03-22,0.014812435347406,0.5042583105026257,1512.7749315078772
2023-03-23,-0.0355593222224101,0.4863272267561346,1458.981680268404
2023-03-24,-0.0063368509439882,0.4832454436101778,1449.7363308305337
2023-03-27,,0.4810259155030889,1443.0777465092667
2023-03-28,0.0062591033907387,0.4840367064418476,1452.1101193255429
2023-03-29,-0.0070223943001978,0.4806376098334438,1441.9128295003316
2023-03-30,0.0056438048482899,0.4833502347060923,1450.0507041182768
2023-03-31,-0.0020974868543606,0.4823364139427441,1447.0092418282325
2023-04-03,0.0029225585820504,0.4837460703687479,1451.238211106244
2023-04-04,-0.0042449248919251,0.4816926046332687,1445.0778138998062
2023-04-05,-0.0085264237658608,0.4775854893612842,1432.7564680838527
2023-04-06,-0.0122843019905871,0.4717186849836479,1415.1560549509436
2023-04-07,-0.0050607937588476,0.4693314140067508,1407.9942420202524
2023-04-10,-0.0069757961455042,0.4660574537379585,1398.1723612138755
2023-04-11,0.0043140365825794,0.4680680426429678,1404.2041279289035
2023-04-12,0.0094513113027653,0.4724918994248626,1417.4756982745878
2023-04-13,0.022772042247973,0.4832515049203906,1449.754514761172
2023-04-14,0.0084804740861288,0.4873497067849507,1462.0491203548522
2023-04-17,0.0025505293717978,0.4885927065264428,1465.7781195793284
2023-04-18,0.0051488025316075,0.4911083738907311,1473.3251216721935
2023-04-19,0.0022473364318559,0.4922120596313654,1476.6361788940962
2023-04-20,0.0060717870553178,0.4952006664435064,1485.6019993305192
2023-04-21,0.0090799046425549,0.4996970412737431,1499.0911238212293
2023-04-24,0.0125599126567612,0.5059731924669834,1517.9195774009502
2023-04-25,0.0175510626484946,0.5148535596664302,1544.5606789992903
2023-04-26,0.0086554639089268,0.5193098560705055,1557.9295682115164
2023-04-27,-0.0035269650828282,0.5174782683409763,1552.434805022929
2023-04-28,0.0038714150078103,0.5194816414752472,1558.4449244257416
2023-05-01,0.0258102625891154,0.5328895990519481,1598.6687971558442
2023-05-02,-0.0053638170615538,0.5300312767286287,1590.0938301858862
2023-05-03,0.0184216207332205,0.5397953118852682,1619.3859356558046
2023-05-04,-0.0002225216218289,0.5396751957570118,1619.0255872710354
2023-05-05,0.0065762297390144,0.5432242238287576,1629.6726714862727
2023-05-08,-0.0036630865095619,0.5412343465027831,1623.703039508349
2023-05-09,-0.008589723248859,0.5365852932535472,1609.7558797606416
2023-05-10,-0.0097344423466425,0.5313619346523143,1594.085803956943
2023-05-11,-0.0123975625953124,0.5247743418066959,1574.3230254200878
2023-05-12,-0.0039812178844071,0.5226851008118171,1568.0553024354513
2023-05-15,0.0014925713928146,0.5234652456407393,1570.3957369222178
2023-05-16,0.0053667532327323,0.5262745544400047,1578.823663320014
2023-05-17,-0.0185085906656416,0.5165339541341317,1549.6018624023952
2023-05-18,-0.0044805469963503,0.514219599477423,1542.6587984322691
2023-05-19,0.0087408235066702,0.5187143022401259,1556.1429067203778
2023-05-22,-0.0077505678641468,0.5146939718385103,1544.081915515531
2023-05-23,0.0067632910236268,0.5181749969581605,1554.5249908744815
2023-05-24,-0.0036443849799855,0.5162865677822421,1548.8597033467263
2023-05-25,0.0104368041144426,0.5216749495571034,1565.02484867131
2023-05-26,0.0240246631106069,0.5342080144734557,1602.6240434203671
2023-05-29,-0.0093693300435805,0.529202843273928,1587.6085298217838
2023-05-30,-0.0302765325105445,0.5131804161848723,1539.541248554617
2023-05-31,0.0071814431154411,0.5168657921516624,1550.5973764549872
2023-06-01,-0.0098464265581903,0.5117765110888002,1535.3295332664006
2023-06-02,0.0074701298728178,0.5155995480924912,1546.7986442774736
2023-06-05,0.0267731362638955,0.5294037650511744,1588.211295153523
2023-06-06,-0.0076962514924456,0.5253293405342929,1575.9880216028787
2023-06-07,0.0110166210871163,0.5311166948249039,1593.3500844747116
2023-06-08,-0.0141246372297899,0.5236148641838171,1570.8445925514511
2023-06-09,0.0175878711867683,0.5328241349665592,1598.4724048996777
2023-06-12,-0.0273516743046555,0.518250502765294,1554.751508295882
2023-06-13,0.0248596506562111,0.531134029216445,1593.402087649335
2023-06-14,-0.0176285424044055,0.5217709104599801,1565.3127313799405
2023-06-15,0.0140066673355072,0.5290791820281379,1587.2375460844137
2023-06-16,0.0140873715487592,0.5365325170440819,1609.5975511322456
2023-06-19,-0.0098610808397859,0.5312417265203364,1593.725179561009
2023-06-20,0.0046801688424296,0.5337280274965954,1601.1840824897863
2023-06-21,0.0279782347216109,0.5486607955273975,1645.9823865821927
2023-06-22,-0.0176172311111807,0.5389949114909471,1616.9847344728414
2023-06-23,,0.5279017264046924,1583.7051792140771
2023-06-26,,0.5304324591808632,1591.2973775425896
2023-06-27,-0.0611163509690343,0.4980143628401976,1494.0430885205928
2023-06-28,0.002486997703139,0.4992529234167114,1497.758770250134
2023-06-29,0.0007554626173255,0.4996300903369433,1498.8902710108298
2023-06-30,0.0207035801359018,0.5099742219505421,1529.9226658516263
2023-07-03,-0.0035105879379777,0.5081839125982829,1524.5517377948486
2023-07-04,-0.0370222778338156,0.4893697865953937,1468.1093597861814
2023-07-05,0.0058025560751838,0.4922093822236142,1476.6281466708429
2023-07-06,-0.01643480016126,0.4841200193892719,1452.360058167816
2023-07-07,-0.0161118073121914,0.4763199709208976,1428.959912762693
2023-07-10,0.0195099750193115,0.4856129616547635,1456.8388849642906
2023-07-11,0.0002939647647357,0.485755714754789,1457.267144264367
2023-07-12,-0.0204807435232776,0.4758070765459297,1427.421229637789
2023-07-13,-0.0186868361293061,0.4669157476773517,1400.7472430320552
2023-07-14,-0.0165692290535817,0.4591793137053613,1377.537941116084
2023-07-17,0.0093430461484686,0.4634694472237327,1390.408341671198
2023-07-18,0.0146016718973261,0.4702368760265287,1410.710628079586
2023-07-19,0.0108032768097355,0.4753169751643885,1425.9509254931656
2023-07-20,-0.0021238905211659,0.4743074539462876,1422.922361838863
2023-07-21,-0.003758343788725,0.4725248434728026,1417.574530418408
2023-07-24,0.0191829450216936,0.4815892615665257,1444.7677846995773
2023-07-25,0.0241542772841644,0.4932217021274797,1479.665106382439
2023-07-26,-0.0046357881818679,0.4909352307897163,1472.8056923691488
2023-07-27,-0.0020169978277496,0.4899450154956477,1469.835046486943
2023-07-28,-0.0140522023660042,0.4830602089896877,1449.1806269690633
2023-07-31,,0.4721475616419614,1416.4426849258844
2023-08-01,-0.0160453081476476,0.4645718085242557,1393.7154255727671
2023-08-02,0.0024545624830123,0.4657121290561246,1397.1363871683736
2023-08-03,0.002016629150219,0.4666512977111897,1399.9538931335692
2023-08-04,0.0272795394582781,0.4793813302003588,1438.1439906010764
2023-08-07,-0.0138433511554482,0.4727450861090294,1418.235258327088
2023-08-08,0.020415190758054,0.4823962672218779,1447.1888016656335
2023-08-09,-0.0096381570204819,0.477746856252299,1433.2405687568971
2023-08-10,0.0027974726623144,0.4790833400221715,1437.2500200665145
2023-08-11,-0.0010085403366516,0.4786001651491413,1435.800495447424
2023-08-14,0.0261220718526584,0.4911021930518614,1473.3065791555844
2023-08-15,-0.0074417465354461,0.4874475350081677,1462.3426050245032
2023-08-16,-0.0015296846823012,0.4867018939804403,1460.1056819413209
2023-08-17,-0.045899465088213,0.4643625373893179,1393.0876121679537
2023-08-18,,0.4810147308604689,1443.0441925814068
2023-08-21,-0.0062393198912178,0.4780135260822424,1434.0405782467271
2023-08-22,-0.00196841374243,0.4770725976884347,1431.2177930653042
2023-08-23,-0.0071771539090323,0.473648574229043,1420.945722687129
2023-08-24,0.0064334569144782,0.4766957719239496,1430.0873157718488
2023-08-25,0.0210478592776503,0.4867291974496558,1460.1875923489674
2023-08-28,0.0211058098737191,0.4970020113510161,1491.0060340530483
2023-08-29,0.0159793874854034,0.504943799071419,1514.8313972142569
2023-08-30,0.0049309896605754,0.5074336717238119,1522.301015171436
2023-08-31,0.025396513887072,0.5203207180145136,1560.962154043541
2023-09-01,-0.0121983779215132,0.5139736492557795,1541.9209477673385
2023-09-04,-0.0184562658811871,0.5044876149291908,1513.4628447875723
2023-09-05,0.024987906692143,0.5170937043783832,1551.2811131351496
2023-09-06,-0.0145087464594927,0.5095913229257574,1528.773968777272
2023-09-07,0.0283932757527263,0.5240602898787851,1572.1808696363553
2023-09-08,-0.0197788702632197,0.5136949693951672,1541.0849081855015
2023-09-11,-0.0028840733851767,0.5122134354058354,1536.6403062175063
2023-09-12,-0.01529303773622,0.5043801360091751,1513.1404080275252
2023-09-13,0.0005669994361438,0.5046661192618945,1513.9983577856835
2023-09-14,0.0259285336717385,0.5177513717281622,1553.2541151844866
2023-09-15,0.0077554397137232,0.5217667612782975,1565.3002838348923
2023-09-18,-0.0072637143793476,0.5179767965517346,1553.9303896552035
2023-09-19,0.0151841431194719,0.5258418303631417,1577.525491089425
2023-09-20,-0.0174797757127707,0.5166502331080012,1549.9506993240036
2023-09-21,-0.0046954106672765,0.514224348092215,1542.6730442766448
2023-09-22,-0.0217370769418611,0.5030466138723562,1509.1398416170684
2023-09-25,0.0140539850006503,0.5101164234383462,1530.3492703150384
2023-09-26,0.0043769670983754,0.5123491862400769,1537.0475587202309
2023-09-27,-0.0050789570466072,0.5097469867302993,1529.2409601908978
2023-09-28,0.01414447272962,0.516957089083112,1550.871267249336
2023-09-29,-0.0108254061006848,0.5113608186571594,1534.0824559714783
2023-10-02,-0.0173621614444074,0.5024824895672895,1507.4474687018685
2023-10-03,-0.0278233485777508,0.4885017441058427,1465.5052323175282
2023-10-04,-0.0249027413988092,0.4763367114995077,1429.010134498523
2023-10-05,-0.0115886663315188,0.470816604288487,1412.449812865461
2023-10-06,0.033835316089997,0.486746832915007,1460.2404987450211
2023-10-09,0.043810789350861,0.5080715958790452,1524.2147876371355
2023-10-10,-0.0278086299140333,0.4939428208994124,1481.8284626982372
2023-10-11,-0.0038592996632298,0.4920365475370605,1476.1096426111817
2023-10-12,-0.006061406598102,0.489054113961312,1467.162341883936
2023-10-13,-0.0007043498305166,0.4887096487790299,1466.12894633709
2023-10-16,-0.041310270755525,0.4685209208671306,1405.562762601392
2023-10-17,0.0034776350349823,0.4701502656361603,1410.4507969084812
2023-10-18,-0.0077352046461409,0.4665135571170271,1399.5406713510813
2023-10-19,-0.0131926504247141,0.4603590068395923,1381.0770205187769
2023-10-20,-0.0312326144313534,0.4459807914789705,1337.9423744369117
2023-10-23,0.0035049440598735,0.4475439292048824,1342.6317876146477
2023-10-24,0.0016487704445854,0.448281826408009,1344.8454792240273
2023-10-25,0.0189853222880952,0.456792601358261,1370.3778040747832
2023-10-26,0.0158241511792167,0.4640209565397019,1392.0628696191056
2023-10-27,0.0034645376604466,0.4656285746188701,1396.8857238566102
2023-10-30,-0.0056589884438213,0.4629935878959889,1388.9807636879668
2023-10-31,0.0074344284771692,0.4664356806105896,1399.3070418317689
2023-11-01,0.0183168354740632,0.4749793062315665,1424.9379186946996
2023-11-02,0.013123374793304,0.4812126376863068,1443.6379130589205
2023-11-03,0.0034158826048528,0.4828564035646149,1448.5692106938448
2023-11-06,0.0182796259695168,0.4916828380187621,1475.0485140562864
2023-11-07,-0.0136842106289951,0.4849545465006513,1454.863639501954
2023-11-08,-0.0240111496682045,0.4733102303023479,1419.9306909070438
2023-11-09,0.0137505494624653,0.4798185060352112,1439.4555181056337
2023-11-10,-0.0100714320884151,0.4749860465369128,1424.9581396107385
2023-11-13,-0.011712867532078,0.4694225978942405,1408.2677936827215
2023-11-14,-0.0174762657217052,0.4612188438376676,1383.6565315130028
2023-11-15,-0.0065102773799262,0.4582161812314355,1374.648543694307
2023-11-16,0.0107883064021579,0.4631595577929869,1389.4786733789608
2023-11-17,0.0062811865964792,0.4660687493994275,1398.2062481982823
2023-11-20,0.0164984187616873,0.4737581467987552,1421.2744403962656
2023-11-21,0.000663525895753,0.4740724975974801,1422.2174927924405
2023-11-22,0.0046821781623162,0.4762921894930858,1428.8765684792577
2023-11-23,-0.0057138291259247,0.4735707373083098,1420.7122119249293
2023-11-24,0.0177202403761753,0.4819625246085356,1445.8875738256068
2023-11-27,0.027220455795317,0.4950817642046416,1485.245292613925
2023-11-28,-0.0047990496531438,0.4927058422358575,1478.1175267075726
2023-11-29,0.0279389074108117,0.5064715051428512,1519.4145154285536
2023-11-30,0.0062010634775224,0.5096121670957984,1528.836501287395
2023-12-01,0.0152669789929701,0.5173924053454119,1552.1772160362357
2023-12-04,0.010114132617681,0.5226253807484563,1567.876142245369
2023-12-05,0.0032932071414146,0.5243464943846217,1573.039483153865
2023-12-06,-0.0119448541160421,0.5180832520029393,1554.2497560088177
2023-12-07,,0.5159874133683106,1547.9622401049317
2023-12-08,-0.0182374905342082,0.5065770978012354,1519.731293403706
2023-12-11,0.0158585185095874,0.5146106600832494,1543.8319802497483
2023-12-12,-0.0081791211254279,0.5104015971619921,1531.204791485976
2023-12-13,-0.0059919063209779,0.5073433186057199,1522.0299558171598
2023-12-14,0.0280445908877825,0.5215715544156672,1564.7146632470017
2023-12-15,0.0254504532669866,0.5348457868867127,1604.537360660138
2023-12-18,0.0006197417642337,0.5351772531582708,1605.5317594748124
2023-12-19,-0.0810633918070631,0.4917939697992741,1475.3819093978225
2023-12-20,0.007219829679281,0.4953446384985224,1486.0339154955673
2023-12-21,0.0026429942501842,0.4966538315299336,1489.9614945898009
2023-12-22,0.0024374508130255,0.4978644008153885,1493.5932024461656
2023-12-25,0.0042476148674055,0.4999791370462439,1499.9374111387317
2023-12-26,-0.0059073693572401,0.4970255756127976,1491.0767268383927
2023-12-27,0.0292616852594758,0.511569381572289,1534.708144716867
2023-12-28,-2.579299097785133e-05,0.5115561866678456,1534.6685600035369
2023-12-29,0.0117317801887422,0.517557651404024,1552.672954212072
2024-01-01,-0.0327548737350066,0.5006051158816986,1501.815347645096
2024-01-02,0.0398254293071689,0.5205419295350523,1561.625788605157
2024-01-03,-0.009274467042817,0.515714180565175,1547.142541695525
2024-01-04,0.0056337367286171,0.5186195784856938,1555.8587354570816
2024-01-05,-0.0005584089410066,0.5183299766760863,1554.9899300282589
2024-01-08,-0.003237601578927,0.5166518307251945,1549.9554921755837
2024-01-09,-0.0063765985529758,0.5133573494089999,1540.0720482269996
2024-01-10,0.0170897960973775,0.5221305218354899,1566.3915655064698
2024-01-11,-0.0054294013358236,0.519295665682762,1557.8869970482858
2024-01-12,-0.0042982038626215,0.5170636270466816,1551.190881140045
2024-01-15,0.0032975322211718,0.518768661017264,1556.305983051792
2024-01-16,-0.0203721757849889,0.508200214663277,1524.600643989831
2024-01-17,0.0066901596901047,0.5116001552539199,1534.8004657617596
2024-01-18,0.0113335223259422,0.5173983870354457,1552.195161106337
2024-01-19,0.0015726522168258,0.5182120747557991,1554.6362242673974
2024-01-22,-0.0013135791119811,0.5175313621988235,1552.5940865964703
2024-01-23,0.0038097439362128,0.5195030241677604,1558.5090725032812
2024-01-24,0.0152468559283139,0.5274238119315696,1582.2714357947089
2024-01-25,0.0072188148039841,0.5312311867531149,1593.6935602593446
2024-01-26,-0.0218211002261588,0.5196391377837138,1558.9174133511417
2024-01-29,0.0066323179729379,0.5230855497766788,1569.2566493300362
2024-01-30,-0.0108614527638707,0.5174040807863161,1552.212242358948
2024-01-31,0.0145362781164126,0.5249252104031928,1574.7756312095785
2024-02-01,-0.0234919005656453,0.5125937195560006,1537.7811586680018
2024-02-02,-0.0191604347876234,0.5027722010199025,1508.3166030597074
2024-02-05,-0.0022260993896406,0.5016529801300839,1504.9589403902517
2024-02-06,-0.002754508031703,0.5002711729671877,1500.8135189015632
2024-02-07,-0.003041783512221,0.4987494563616166,1496.24836908485
2024-02-08,0.0262930653468618,0.5118631084094444,1535.589325228333
2024-02-09,0.0025378315290162,0.5131621307445061,1539.4863922335182
2024-02-12,-0.0192700797334471,0.5032734555688739,1509.8203667066218
2024-02-13,0.0038358310717011,0.5052039275273074,1515.6117825819222
2024-02-14,-0.0022727818804554,0.5040557091948884,1512.1671275846652
2024-02-15,-0.0100653847914207,0.4989821945255294,1496.9465835765882
2024-02-16,-0.001340329156343,0.4983133941417108,1494.9401824251324
2024-02-19,0.0071667996793028,0.5018847064150379,1505.6541192451136
2024-02-20,0.0123562321724599,0.508086110371309,1524.258331113927
2024-02-21,0.010263836064543,0.5133010229148315,1539.9030687444945
2024-02-22,-0.0014768919027401,0.5125429327904203,1537.628798371261
2024-02-23,-0.0047057438021555,0.5101310370611032,1530.3931111833097
2024-02-26,-0.0115041240139742,0.504262426347375,1512.7872790421247
2024-02-27,-0.0139175167447707,0.4972443455849266,1491.7330367547795
2024-02-28,0.009278113460275,0.5018578350407438,1505.5735051222314
2024-02-29,0.0043260447158542,0.5040288944761318,1512.0866834283952
2024-03-01,-0.0374158121108989,0.4851702440619487,1455.510732185846
2024-03-04,-0.0204016750844886,0.4752719583819347,1425.8158751458045
2024-03-05,-0.0122538334793792,0.469448054946504,1408.344164839512
2024-03-06,0.0133294557112463,0.4757055420036442,1427.1166260109328
2024-03-07,-0.0085315488795952,0.4716470369197458,1414.9411107592373
2024-03-08,-0.0011850724571965,0.4710881010067738,1413.2643030203214
2024-03-11,-0.0021114471590857,0.4700934233742239,1410.2802701226717
2024-03-12,-0.0035144722736368,0.4684412930717562,1405.3238792152688
2024-03-13,0.0075680021901827,0.4719864578036953,1415.9593734110858
2024-03-14,-0.0274750822540645,0.4590185910527342,1377.0557731582026
2024-03-15,-0.0009948717666546,0.4585619264161262,1375.6857792483788
2024-03-18,0.0029394688489826,0.459909854914156,1379.729564742468
2024-03-19,-0.0092542906627871,0.4556537154381001,1366.9611463143003
2024-03-20,0.004700307897643,0.4577954281953642,1373.3862845860926
2024-03-21,0.0019417839603121,0.4586843680149382,1376.0531040448147
2024-03-22,0.022471605746654,0.4689917422951231,1406.9752268853692
2024-03-25,0.0048253012495222,0.4712547687352353,1413.764306205706
2024-03-26,0.0067075002441124,0.4744157102115661,1423.2471306346984
2024-03-27,0.0241709135041807,0.4858827713081143,1457.648313924343
2024-03-28,-0.0023150670103269,0.4847579201333727,1454.273760400118
2024-03-29,-0.0125216670391098,0.4786879428628912,1436.0638285886737
2024-04-01,-0.0033101240504822,0.4771034263905449,1431.3102791716349
2024-04-02,0.0264259363482661,0.4897113311678812,1469.1339935036435
2024-04-03,0.0069563465702384,0.4931179329068578,1479.3537987205734
2024-04-04,-0.0017735289874827,0.4922433739585998,1476.7301218757996
2024-04-05,-0.0090764565079121,0.4877755483835567,1463.3266451506702
2024-04-08,-0.0100941340643456,0.4828518766048633,1448.55562981459
2024-04-09,-0.0032099513516135,0.4813019455709264,1443.905836712779
2024-04-10,-0.0086146022789321,0.4771557207337566,1431.46716220127
2024-04-11,-0.0161766607680914,0.4694369345058924,1408.3108035176774
2024-04-12,-0.0045875537205538,0.4672833673504346,1401.8501020513038
2024-04-15,0.0157970864528941,0.4746650831024689,1423.9952493074068
2024-04-16,0.0313942505057357,0.4895668376277137,1468.7005128831413
2024-04-17,-0.0154229694827337,0.482016263231223,1446.048789693669
2024-04-18,-0.0001489047763954,0.4819444887073276,1445.8334661219828
2024-04-19,-0.0169733867921561,0.4737642584881502,1421.2927754644506
2024-04-22,0.0007602666613765,0.4741244456592306,1422.373336977692
2024-04-23,-0.0242004238746321,0.4626504331049522,1387.951299314857
2024-04-24,0.0110374121080432,0.4677568965970963,1403.270689791289
2024-04-25,0.0211295745598033,0.4776404008196068,1432.9212024588203
2024-04-26,0.0123809394272827,0.4835540376901773,1450.662113070532
2024-04-29,0.0180093826237897,0.4922625473742182,1476.7876421226547
2024-04-30,0.025251119638625,0.5046927278515788,1514.0781835547364
2024-05-01,-0.0034447068829333,0.5029542093381821,1508.8626280145463
2024-05-02,-0.0050861100079225,0.5003961289005404,1501.1883867016213
2024-05-03,0.0010227832983955,0.5009079257037616,1502.723777111285
2024-05-06,0.0012620014851475,0.501540072249922,1504.620216749766
2024-05-07,0.011378173976315,0.5072466824480752,1521.7400473442258
2024-05-08,0.0064871883040216,0.5105372871937062,1531.6118615811183
2024-05-09,-0.0166978292118212,0.5020124227658791,1506.0372682976372
2024-05-10,0.0123116784612289,0.5081930382985151,1524.5791148955454
2024-05-13,-0.0148042492812328,0.5006696218765568,1502.0088656296705
2024-05-14,-0.0072473161850253,0.4970411108225803,1491.123332467741
2024-05-15,-0.0156419704624855,0.4892664084484525,1467.7992253453574
2024-05-16,0.029023517651332,0.5034666406902599,1510.3999220707797
2024-05-17,-0.0040950226267552,0.5014049334048168,1504.2148002144506
2024-05-20,-0.0212411543625076,0.4907545138162422,1472.2635414487268
2024-05-21,0.0152327449522637,0.4982300521593772,1494.6901564781317
2024-05-22,,0.4465082125860762,1339.524637758229
2024-05-23,-0.0055061154159213,0.4440496868334205,1332.1490605002616
2024-05-24,0.0003670651807491,0.4442126820119797,1332.6380460359392
2024-05-27,0.0053068447973029,0.446570049772411,1339.7101493172331
2024-05-28,-0.0012400156270404,0.446016295932125,1338.048887796375
2024-05-29,0.0182680067208524,0.4541641246238228,1362.4923738714683
2024-05-30,-0.0033338875307614,0.4526499925118203,1357.949977535461
2024-05-31,0.0016247158867301,0.4533854201457826,1360.1562604373478
2024-06-03,-0.0278375847218179,0.4407642651008373,1322.292795302512
2024-06-04,-0.0033860453396077,0.439271817315127,1317.815451945381
2024-06-05,-0.0018565824348033,0.4384562729749955,1315.3688189249867
2024-06-06,0.0069673565135871,0.441511154144431,1324.533462433293
2024-06-07,-0.0050713831487472,0.439272081917319,1317.816245751957
2024-06-10,-0.0077510615182417,0.4358672569871317,1307.6017709613952
2024-06-11,0.005753200077379,0.4383748885237571,1315.1246655712714
2024-06-12,0.0346086733165548,0.453546461830857,1360.639385492571
2024-06-13,0.0139874746836455,0.4598904314835731,1379.6712944507194
2024-06-14,-0.0036812001322555,0.4581974827663727,1374.592448299118
2024-06-17,0.0032470623720237,0.4596852785716194,1379.0558357148584
2024-06-18,-0.0049627647277184,0.4574039686852728,1372.2119060558184
2024-06-19,0.0079741021721105,0.461051354665498,1383.154063996494
2024-06-20,0.002146136557356,0.4620408338325641,1386.1225014976926
2024-06-21,0.001126837260007,0.4625614786597714,1387.6844359793142
2024-06-24,0.0053692798708532,0.4650451006961715,1395.1353020885144
2024-06-25,0.0005998694910804,0.4653240670640556,1395.9722011921667
2024-06-26,0.0127488440362344,0.4712564110213615,1413.7692330640848
2024-06-27,0.0368150190490738,0.4886057247701112,1465.8171743103337
2024-06-28,-0.0004429287113508,0.4883893072660801,1465.1679217982405
2024-07-01,0.0347022671492961,0.5053375234796873,1516.0125704390618
2024-07-02,-0.0110044245012239,0.4997765748549196,1499.3297245647589
2024-07-03,-0.0321252465086139,0.4837211291884746,1451.1633875654238
2024-07-04,0.0234375035344908,0.4950583448635374,1485.175034590612
2024-07-05,-0.0110865215559354,0.4895698698517621,1468.7096095552863
2024-07-08,0.0078266173192442,0.493401545874124,1480.204637622372
2024-07-09,0.0031304716966881,0.4949461254485852,1484.8383763457557
2024-07-10,-0.0029408124266562,0.4934905817323406,1480.471745197022
2024-07-11,0.0076887508219895,0.4972849078482793,1491.854723544838
2024-07-12,-0.0159889512317958,0.4893338437083851,1468.0015311251557
2024-07-15,-0.0065997444528466,0.4861043653877805,1458.3130961633417
2024-07-16,-0.0115757637478059,0.4804773360972744,1441.4320082918234
2024-07-17,-0.0143311316484274,0.4735915521395786,1420.774656418736
2024-07-18,-0.0064895457171633,0.4705181581107065,1411.5544743321195
2024-07-19,-0.0229381412152296,0.4597253461556334,1379.1760384669
2024-07-22,-0.0136168902382444,0.4534653165772932,1360.3959497318797
2024-07-23,-0.0078051751736704,0.4499259403462234,1349.7778210386705
2024-07-24,0.0090502183244316,0.453997868336182,1361.993605008546
2024-07-25,0.0160942263032079,0.4613046127703585,1383.9138383110758
2024-07-26,-0.0141710338556295,0.4547674494850317,1364.3023484550952
2024-07-29,-0.0085141460589628,0.4508954929972542,1352.6864789917624
2024-07-30,-0.0104856930221997,0.4461675412725915,1338.5026238177743
2024-07-31,-0.0007288204934798,0.4458423652249865,1337.5270956749596
2024-08-01,-0.0122936280845652,0.4403613450025676,1321.0840350077028
2024-08-02,0.0018199279277013,0.4411627709126179,1323.4883127378537
2024-08-05,0.0260991566437087,0.4526767471760389,1358.030241528117
2024-08-06,-0.0163994634097657,0.4452530914242737,1335.7592742728211
2024-08-07,0.0136392285933924,0.451326000120124,1353.978000360372
2024-08-08,-0.0176184972714467,0.4433743142184747,1330.122942655424
2024-08-09,-0.0099634253256039,0.438956787347468,1316.8703620424042
2024-08-12,-0.0040334673690585,0.4371862694692752,1311.5588084078258
2024-08-13,0.0165710036170376,0.4444308847219698,1333.2926541659094
2024-08-14,-0.0244620108789835,0.4335592115849446,1300.677634754834
2024-08-15,0.0009404141356939,0.4339669367961794,1301.9008103885385
2024-08-16,0.0104593929101864,0.4385059674981607,1315.517902494482
2024-08-19,0.0104657143740217,0.4430952457053005,1329.2857371159016
2024-08-20,0.0185100279262105,0.4512969510772768,1353.8908532318303
2024-08-21,0.0007750959330846,0.4516467495086702,1354.9402485260107
2024-08-22,-0.0067909006464484,0.4485796613054654,1345.7389839163964
2024-08-23,0.0095916685434972,0.4528822887320617,1358.646866196185
2024-08-26,0.0250803941524961,0.4642407550381464,1392.722265114439
2024-08-27,0.0025666962466938,0.465432320041665,1396.2969601249952
2024-08-28,-0.0048291669373596,0.4631846696701413,1389.554009010424
2024-08-29,0.008080683999485,0.4669275186191516,1400.782555857455
2024-08-30,-0.007136394248329,0.4635953397608914,1390.7860192826745
2024-09-02,-0.0124917022557001,0.4578042448094682,1373.4127344284043
2024-09-03,0.0141527441315974,0.4642834311486157,1392.8502934458472
2024-09-04,0.016638359662099,0.4720083458612197,1416.0250375836592
2024-09-05,0.0130611828934577,0.4781733331937516,1434.5199995812548
2024-09-06,0.0139644292109122,0.4848507508556817,1454.5522525670451
2024-09-09,-0.0357172455216165,0.4675332175460291,1402.5996526380875
2024-09-10,-0.0285467512237809,0.4541866630958888,1362.5599892876664
2024-09-11,,0.4397272586477412,1319.1817759432236
2024-09-12,0.015286835521265,0.446449296924906,1339.347890774718
2024-09-13,-0.0132311146949923,0.4405422750717938,1321.6268252153816
2024-09-16,-0.031014924375582,0.4268788897261952,1280.636669178586
2024-09-17,0.009818447652844,0.4310701777590761,1293.2105332772285
2024-09-18,0.0071030888356108,0.4341321075260814,1302.3963225782445
2024-09-19,0.0101182490885096,0.4385247643273499,1315.57429298205
2024-09-20,-0.0093008570282556,0.4344461081909917,1303.3383245729751
2024-09-23,0.0206087439855698,0.443399496810227,1330.198490430681
2024-09-24,0.0047500800577757,0.445505679917653,1336.5170397529591
2024-09-25,0.0049980371273941,0.4477323338463464,1343.197001539039
2024-09-26,0.0098770340643801,0.4521546013594712,1356.4638040784137
2024-09-27,0.0294480662594179,0.4654696800198056,1396.4090400594168
2024-09-30,-0.0170796579796738,0.457519617085159,1372.558851255477
2024-10-01,0.0069299299275921,0.460690195972058,1382.070587916174
2024-10-02,0.0208689865102804,0.4703043334572173,1410.913000371652
2024-10-03,0.008865926593645,0.4744740171543222,1423.4220514629665
2024-10-04,0.0123062194652314,0.4803129985399733,1440.9389956199198
2024-10-07,0.0044444302079013,0.4824477161399319,1447.343148419796
2024-10-08,-0.0229305958125605,0.4713849025604341,1414.1547076813024
2024-10-09,-0.0084116888454227,0.4674197594336658,1402.2592783009975
2024-10-10,-0.0144990124751974,0.4606426345104833,1381.92790353145
2024-10-11,0.0275079323800557,0.4733139609519684,1419.9418828559053
2024-10-14,-0.0161878630313722,0.4656520193812417,1396.956058143725
2024-10-15,-0.0173997589499077,0.4575497864894703,1372.649359468411
2024-10-16,0.0053291032982402,0.4599881165657605,1379.9643496972817
2024-10-17,0.0040969023214815,0.4618726429483727,1385.617928845118
2024-10-18,-0.0007494844700886,0.4615264765753241,1384.5794297259724
2024-10-21,-0.013252744195488,0.4554099842418264,1366.2299527254793
2024-10-22,-0.0128541734476884,0.4495560653145729,1348.6681959437187
2024-10-23,-0.0130568739135838,0.4436862684526736,1331.0588053580211
2024-10-24,0.0157851848928558,0.4506899382346204,1352.069814703861
2024-10-25,0.0182781500187841,0.4589277165376293,1376.783149612888
2024-10-28,-0.0082489268775769,0.455142055361817,1365.426166085451
2024-10-29,-0.0136795722308679,0.4489159067401894,1346.7477202205682
